season,week,away_team,home_team,spread,spread_favorite,spread_line,total,away_score,home_score,winner,game_date,source,away_team_win,home_field_advantage,division_game,conference_game,early_season,late_season,playoffs
2020,1,PIT,BUF,2.5,home,-2.5,48.5,16,27,home,2020-09-01,sample_data,0,1,0,1,1,0,0
2020,1,MIN,HOU,5.0,home,-5.0,50.5,10,18,home,2020-09-01,sample_data,0,1,0,0,1,0,0
2020,1,SEA,TB,4.5,home,-4.5,41.5,19,28,home,2020-09-01,sample_data,0,1,0,1,1,0,0
2020,1,BAL,LAR,5.5,home,-5.5,35.5,29,32,home,2020-09-01,sample_data,0,1,0,0,1,0,0
2020,1,NYJ,DET,3.0,home,-3.0,51.5,25,18,away,2020-09-01,sample_data,1,1,0,0,1,0,0
2020,1,NYG,NE,5.5,away,5.5,51.0,14,18,home,2020-09-01,sample_data,0,1,0,0,1,0,0
2020,1,PHI,KC,1.0,away,1.0,51.5,29,33,home,2020-09-01,sample_data,0,1,0,0,1,0,0
2020,1,MIA,SF,5.5,home,-5.5,40.5,22,26,home,2020-09-01,sample_data,0,1,0,0,1,0,0
2020,1,CHI,ATL,6.5,home,-6.5,38.5,20,29,home,2020-09-01,sample_data,0,1,0,1,1,0,0
2020,1,LV,ARI,2.0,away,2.0,41.5,17,25,home,2020-09-01,sample_data,0,1,0,0,1,0,0
2020,1,IND,DAL,1.5,away,1.5,50.0,26,19,away,2020-09-01,sample_data,1,1,0,0,1,0,0
2020,1,DEN,WAS,6.0,home,-6.0,46.0,28,26,away,2020-09-01,sample_data,1,1,0,0,1,0,0
2020,1,CLE,GB,0.5,away,0.5,52.0,19,18,away,2020-09-01,sample_data,1,1,0,0,1,0,0
2020,1,TEN,CAR,5.0,home,-5.0,44.0,21,11,away,2020-09-01,sample_data,1,1,0,0,1,0,0
2020,1,LAC,JAX,1.0,away,1.0,43.5,22,23,home,2020-09-01,sample_data,0,1,0,1,1,0,0
2020,1,CIN,NO,2.5,home,-2.5,35.0,23,10,away,2020-09-01,sample_data,1,1,0,0,1,0,0
2020,2,TB,JAX,2.5,home,-2.5,45.5,18,8,away,2020-09-02,sample_data,1,1,0,0,1,0,0
2020,2,HOU,BAL,5.5,home,-5.5,51.5,28,16,away,2020-09-02,sample_data,1,1,0,1,1,0,0
2020,2,CLE,ATL,2.5,home,-2.5,40.0,16,17,home,2020-09-02,sample_data,0,1,0,0,1,0,0
2020,2,SF,NYJ,1.0,home,-1.0,35.5,25,22,away,2020-09-02,sample_data,1,1,0,0,1,0,0
2020,2,NE,DEN,2.0,home,-2.0,36.0,20,28,home,2020-09-02,sample_data,0,1,0,1,1,0,0
2020,2,NO,TEN,2.0,home,-2.0,47.0,21,25,home,2020-09-02,sample_data,0,1,0,0,1,0,0
2020,2,CHI,LAR,2.5,home,-2.5,35.0,22,33,home,2020-09-02,sample_data,0,1,0,1,1,0,0
2020,2,MIA,LV,3.0,home,-3.0,59.5,20,21,home,2020-09-02,sample_data,0,1,0,1,1,0,0
2020,2,DET,DAL,8.0,home,-8.0,35.0,13,20,home,2020-09-02,sample_data,0,1,0,1,1,0,0
2020,2,SEA,NYG,1.0,home,-1.0,49.0,21,17,away,2020-09-02,sample_data,1,1,0,1,1,0,0
2020,2,PHI,ARI,3.5,home,-3.5,47.5,9,22,home,2020-09-02,sample_data,0,1,0,1,1,0,0
2020,2,IND,CIN,1.5,home,-1.5,49.5,16,19,home,2020-09-02,sample_data,0,1,0,1,1,0,0
2020,2,LAC,WAS,1.0,home,-1.0,43.5,23,24,home,2020-09-02,sample_data,0,1,0,0,1,0,0
2020,2,BUF,KC,8.0,home,-8.0,49.5,23,26,home,2020-09-02,sample_data,0,1,0,1,1,0,0
2020,2,GB,PIT,0.0,pick,0.0,44.5,5,17,home,2020-09-02,sample_data,0,1,0,0,1,0,0
2020,2,CAR,MIN,7.0,home,-7.0,45.5,22,25,home,2020-09-02,sample_data,0,1,0,1,1,0,0
2020,3,LV,TB,5.5,home,-5.5,43.0,27,26,away,2020-09-03,sample_data,1,1,0,0,1,0,0
2020,3,NYJ,DEN,5.0,home,-5.0,40.0,28,30,home,2020-09-03,sample_data,0,1,0,1,1,0,0
2020,3,HOU,SEA,2.5,away,2.5,44.5,17,24,home,2020-09-03,sample_data,0,1,0,0,1,0,0
2020,3,CHI,TEN,1.5,away,1.5,51.0,30,24,away,2020-09-03,sample_data,1,1,0,0,1,0,0
2020,3,CIN,ATL,4.5,home,-4.5,43.5,5,17,home,2020-09-03,sample_data,0,1,0,0,1,0,0
2020,3,GB,CLE,7.0,home,-7.0,47.0,29,32,home,2020-09-03,sample_data,0,1,0,0,1,0,0
2020,3,SF,NE,5.5,home,-5.5,35.0,25,20,away,2020-09-03,sample_data,1,1,0,0,1,0,0
2020,3,MIN,PIT,2.0,home,-2.0,49.0,19,7,away,2020-09-03,sample_data,1,1,0,0,1,0,0
2020,3,NYG,DAL,5.5,home,-5.5,51.0,25,34,home,2020-09-03,sample_data,0,1,1,1,1,0,0
2020,3,CAR,BAL,7.0,home,-7.0,42.5,30,22,away,2020-09-03,sample_data,1,1,0,0,1,0,0
2020,3,JAX,WAS,1.0,away,1.0,36.5,25,33,home,2020-09-03,sample_data,0,1,0,0,1,0,0
2020,3,LAR,LAC,6.5,home,-6.5,51.0,19,26,home,2020-09-03,sample_data,0,1,0,0,1,0,0
2020,3,BUF,MIA,0.5,away,0.5,40.0,7,20,home,2020-09-03,sample_data,0,1,1,1,1,0,0
2020,3,NO,PHI,0.5,home,-0.5,43.5,31,19,away,2020-09-03,sample_data,1,1,0,1,1,0,0
2020,3,IND,KC,9.5,home,-9.5,37.5,29,33,home,2020-09-03,sample_data,0,1,0,1,1,0,0
2020,3,DET,ARI,4.0,away,4.0,47.0,28,16,away,2020-09-03,sample_data,1,1,0,1,1,0,0
2020,4,KC,LAR,3.0,home,-3.0,45.0,20,24,home,2020-09-04,sample_data,0,1,0,0,1,0,0
2020,4,PHI,ARI,3.0,away,3.0,35.0,21,11,away,2020-09-04,sample_data,1,1,0,1,1,0,0
2020,4,GB,JAX,9.0,home,-9.0,42.5,23,32,home,2020-09-04,sample_data,0,1,0,0,1,0,0
2020,4,CLE,CHI,2.5,away,2.5,50.0,23,18,away,2020-09-04,sample_data,1,1,0,0,1,0,0
2020,4,LAC,DEN,9.0,home,-9.0,40.0,18,30,home,2020-09-04,sample_data,0,1,1,1,1,0,0
2020,4,ATL,LV,3.5,home,-3.5,49.0,27,32,home,2020-09-04,sample_data,0,1,0,0,1,0,0
2020,4,BAL,HOU,1.5,home,-1.5,35.0,21,17,away,2020-09-04,sample_data,1,1,0,1,1,0,0
2020,4,WAS,PIT,1.0,home,-1.0,41.5,17,9,away,2020-09-04,sample_data,1,1,0,0,1,0,0
2020,4,SF,TEN,4.0,home,-4.0,45.5,26,28,home,2020-09-04,sample_data,0,1,0,0,1,0,0
2020,4,IND,CAR,2.0,away,2.0,45.5,27,22,away,2020-09-04,sample_data,1,1,0,0,1,0,0
2020,4,SEA,TB,5.5,home,-5.5,37.5,26,28,home,2020-09-04,sample_data,0,1,0,1,1,0,0
2020,4,CIN,NYJ,3.5,home,-3.5,42.0,11,24,home,2020-09-04,sample_data,0,1,0,1,1,0,0
2020,4,NE,NYG,5.5,home,-5.5,46.5,11,20,home,2020-09-04,sample_data,0,1,0,0,1,0,0
2020,4,MIN,BUF,0.5,away,0.5,50.0,17,25,home,2020-09-04,sample_data,0,1,0,0,1,0,0
2020,4,NO,DET,3.5,away,3.5,40.5,21,9,away,2020-09-04,sample_data,1,1,0,1,1,0,0
2020,5,JAX,CAR,10.0,home,-10.0,42.0,24,25,home,2020-09-05,sample_data,0,1,0,0,0,0,0
2020,5,DET,KC,15.5,home,-15.5,35.0,8,20,home,2020-09-05,sample_data,0,1,0,0,0,0,0
2020,5,WAS,NE,3.5,home,-3.5,44.0,26,31,home,2020-09-05,sample_data,0,1,0,0,0,0,0
2020,5,DEN,SF,0.5,away,0.5,36.0,32,23,away,2020-09-05,sample_data,1,1,0,0,0,0,0
2020,5,TB,LV,10.5,home,-10.5,47.0,25,15,away,2020-09-05,sample_data,1,1,0,0,0,0,0
2020,5,DAL,HOU,3.0,home,-3.0,43.0,23,25,home,2020-09-05,sample_data,0,1,0,0,0,0,0
2020,5,NYG,BUF,2.5,away,2.5,45.0,29,28,away,2020-09-05,sample_data,1,1,0,0,0,0,0
2020,5,NYJ,CHI,4.5,home,-4.5,45.5,22,28,home,2020-09-05,sample_data,0,1,0,0,0,0,0
2020,5,SEA,MIA,0.5,away,0.5,49.5,6,19,home,2020-09-05,sample_data,0,1,0,0,0,0,0
2020,5,BAL,CLE,1.5,home,-1.5,46.5,29,17,away,2020-09-05,sample_data,1,1,1,1,0,0,0
2020,5,NO,PIT,1.5,home,-1.5,47.0,11,17,home,2020-09-05,sample_data,0,1,0,0,0,0,0
2020,5,PHI,ARI,2.5,home,-2.5,45.0,26,32,home,2020-09-05,sample_data,0,1,0,1,0,0,0
2020,5,TEN,LAR,6.5,home,-6.5,38.0,22,31,home,2020-09-05,sample_data,0,1,0,0,0,0,0
2020,5,IND,LAC,1.5,away,1.5,53.0,26,18,away,2020-09-05,sample_data,1,1,0,1,0,0,0
2020,5,GB,CIN,1.5,away,1.5,43.0,10,20,home,2020-09-05,sample_data,0,1,0,0,0,0,0
2020,6,JAX,NYG,0.5,away,0.5,39.5,24,33,home,2020-09-06,sample_data,0,1,0,0,0,0,0
2020,6,ATL,DAL,5.5,home,-5.5,41.0,26,29,home,2020-09-06,sample_data,0,1,0,1,0,0,0
2020,6,BUF,WAS,9.5,home,-9.5,48.5,24,29,home,2020-09-06,sample_data,0,1,0,0,0,0,0
2020,6,SEA,LAC,2.5,home,-2.5,43.0,31,30,away,2020-09-06,sample_data,1,1,0,0,0,0,0
2020,6,TB,NYJ,1.0,home,-1.0,51.5,17,15,away,2020-09-06,sample_data,1,1,0,0,0,0,0
2020,6,TEN,IND,4.0,home,-4.0,56.0,19,14,away,2020-09-06,sample_data,1,1,1,1,0,0,0
2020,6,PIT,MIA,6.5,home,-6.5,40.5,24,25,home,2020-09-06,sample_data,0,1,0,1,0,0,0
2020,6,NO,NE,4.5,home,-4.5,47.5,25,33,home,2020-09-06,sample_data,0,1,0,0,0,0,0
2020,6,ARI,DET,6.5,home,-6.5,46.5,8,19,home,2020-09-06,sample_data,0,1,0,1,0,0,0
2020,6,SF,PHI,6.0,home,-6.0,41.0,33,26,away,2020-09-06,sample_data,1,1,0,1,0,0,0
2020,6,HOU,LAR,9.0,home,-9.0,38.5,12,18,home,2020-09-06,sample_data,0,1,0,0,0,0,0
2020,6,CAR,KC,10.0,home,-10.0,52.0,14,18,home,2020-09-06,sample_data,0,1,0,0,0,0,0
2020,6,CHI,LV,9.0,home,-9.0,43.0,28,33,home,2020-09-06,sample_data,0,1,0,0,0,0,0
2020,6,BAL,CIN,2.5,home,-2.5,53.0,33,21,away,2020-09-06,sample_data,1,1,1,1,0,0,0
2020,6,GB,MIN,6.5,home,-6.5,47.0,22,31,home,2020-09-06,sample_data,0,1,1,1,0,0,0
2020,7,WAS,DEN,11.0,home,-11.0,38.0,24,32,home,2020-09-07,sample_data,0,1,0,0,0,0,0
2020,7,DET,CHI,0.5,away,0.5,50.5,34,21,away,2020-09-07,sample_data,1,1,1,1,0,0,0
2020,7,TEN,LV,0.5,home,-0.5,39.5,21,22,home,2020-09-07,sample_data,0,1,0,1,0,0,0
2020,7,DAL,NO,3.0,home,-3.0,37.0,22,31,home,2020-09-07,sample_data,0,1,0,1,0,0,0
2020,7,NYJ,PIT,2.5,home,-2.5,56.5,19,32,home,2020-09-07,sample_data,0,1,0,1,0,0,0
2020,7,GB,NE,0.0,pick,0.0,44.5,30,20,away,2020-09-07,sample_data,1,1,0,0,0,0,0
2020,7,JAX,BUF,4.0,home,-4.0,54.0,19,30,home,2020-09-07,sample_data,0,1,0,1,0,0,0
2020,7,NYG,LAR,0.5,away,0.5,44.5,29,27,away,2020-09-07,sample_data,1,1,0,1,0,0,0
2020,7,CAR,PHI,9.5,home,-9.5,35.0,9,21,home,2020-09-07,sample_data,0,1,0,1,0,0,0
2020,7,MIA,TB,2.0,away,2.0,54.5,29,27,away,2020-09-07,sample_data,1,1,0,0,0,0,0
2020,7,SEA,ATL,4.0,home,-4.0,39.5,16,24,home,2020-09-07,sample_data,0,1,0,1,0,0,0
2020,7,MIN,KC,1.0,home,-1.0,39.0,18,7,away,2020-09-07,sample_data,1,1,0,0,0,0,0
2020,7,SF,CLE,4.0,away,4.0,48.0,16,22,home,2020-09-07,sample_data,0,1,0,0,0,0,0
2020,7,ARI,LAC,0.5,home,-0.5,41.0,18,25,home,2020-09-07,sample_data,0,1,0,0,0,0,0
2020,7,HOU,IND,3.0,home,-3.0,50.0,31,25,away,2020-09-07,sample_data,1,1,1,1,0,0,0
2020,7,CIN,BAL,4.5,home,-4.5,49.5,19,27,home,2020-09-07,sample_data,0,1,1,1,0,0,0
2020,8,KC,NYG,8.0,home,-8.0,44.0,17,20,home,2020-09-08,sample_data,0,1,0,0,0,0,0
2020,8,BAL,MIN,0.0,pick,0.0,55.5,22,17,away,2020-09-08,sample_data,1,1,0,0,0,0,0
2020,8,PHI,TB,6.0,home,-6.0,44.5,18,19,home,2020-09-08,sample_data,0,1,0,1,0,0,0
2020,8,LAC,PIT,6.5,away,6.5,56.5,24,22,away,2020-09-08,sample_data,1,1,0,1,0,0,0
2020,8,CAR,SEA,14.0,home,-14.0,41.0,28,33,home,2020-09-08,sample_data,0,1,0,1,0,0,0
2020,8,CLE,NYJ,0.5,home,-0.5,45.0,24,13,away,2020-09-08,sample_data,1,1,0,1,0,0,0
2020,8,CHI,GB,0.5,home,-0.5,48.0,16,21,home,2020-09-08,sample_data,0,1,1,1,0,0,0
2020,8,TEN,NO,2.0,away,2.0,43.0,34,26,away,2020-09-08,sample_data,1,1,0,0,0,0,0
2020,8,DAL,ATL,10.5,home,-10.5,42.0,21,22,home,2020-09-08,sample_data,0,1,0,1,0,0,0
2020,8,ARI,SF,9.5,home,-9.5,46.5,25,30,home,2020-09-08,sample_data,0,1,1,1,0,0,0
2020,8,BUF,JAX,3.5,home,-3.5,49.0,19,22,home,2020-09-08,sample_data,0,1,0,1,0,0,0
2020,8,MIA,DEN,6.0,home,-6.0,46.5,12,23,home,2020-09-08,sample_data,0,1,0,1,0,0,0
2020,8,DET,CIN,0.5,home,-0.5,47.0,10,21,home,2020-09-08,sample_data,0,1,0,0,0,0,0
2020,8,NE,HOU,5.5,home,-5.5,42.5,31,27,away,2020-09-08,sample_data,1,1,0,1,0,0,0
2020,8,IND,LAR,12.5,home,-12.5,39.0,19,24,home,2020-09-08,sample_data,0,1,0,0,0,0,0
2020,8,LV,WAS,1.0,away,1.0,52.5,21,17,away,2020-09-08,sample_data,1,1,0,0,0,0,0
2020,9,ARI,BAL,2.5,away,2.5,53.5,30,19,away,2020-09-09,sample_data,1,1,0,0,0,0,0
2020,9,KC,CIN,1.5,away,1.5,59.0,15,27,home,2020-09-09,sample_data,0,1,0,1,0,0,0
2020,9,HOU,LV,7.5,home,-7.5,48.5,19,25,home,2020-09-09,sample_data,0,1,0,1,0,0,0
2020,9,PIT,NE,0.5,home,-0.5,42.0,17,11,away,2020-09-09,sample_data,1,1,0,1,0,0,0
2020,9,NO,NYG,12.5,home,-12.5,47.5,20,25,home,2020-09-09,sample_data,0,1,0,1,0,0,0
2020,9,NYJ,MIA,1.5,home,-1.5,49.5,18,11,away,2020-09-09,sample_data,1,1,1,1,0,0,0
2020,9,GB,BUF,6.0,home,-6.0,39.5,16,27,home,2020-09-09,sample_data,0,1,0,0,0,0,0
2020,9,ATL,CAR,1.5,home,-1.5,44.5,16,17,home,2020-09-09,sample_data,0,1,1,1,0,0,0
2020,9,SEA,CLE,1.0,away,1.0,50.0,29,34,home,2020-09-09,sample_data,0,1,0,0,0,0,0
2020,9,DAL,LAR,3.0,home,-3.0,58.0,24,23,away,2020-09-09,sample_data,1,1,0,1,0,0,0
2020,9,DET,MIN,2.5,away,2.5,38.0,33,20,away,2020-09-09,sample_data,1,1,1,1,0,0,0
2020,9,PHI,WAS,2.0,home,-2.0,35.0,34,32,away,2020-09-09,sample_data,1,1,1,1,0,0,0
2020,9,JAX,IND,3.0,away,3.0,61.5,20,19,away,2020-09-09,sample_data,1,1,1,1,0,0,0
2020,9,TEN,TB,1.5,home,-1.5,39.5,18,6,away,2020-09-09,sample_data,1,1,0,0,0,0,0
2020,9,LAC,CHI,8.5,home,-8.5,35.0,18,24,home,2020-09-09,sample_data,0,1,0,0,0,0,0
2020,10,SEA,BAL,4.0,away,4.0,45.5,19,11,away,2020-09-10,sample_data,1,1,0,0,0,0,0
2020,10,CLE,IND,6.5,home,-6.5,47.0,16,20,home,2020-09-10,sample_data,0,1,0,1,0,0,0
2020,10,LAR,MIA,4.5,home,-4.5,48.0,22,23,home,2020-09-10,sample_data,0,1,0,0,0,0,0
2020,10,PHI,MIN,4.0,home,-4.0,37.0,17,18,home,2020-09-10,sample_data,0,1,0,1,0,0,0
2020,10,NYG,NO,6.5,home,-6.5,40.5,24,28,home,2020-09-10,sample_data,0,1,0,1,0,0,0
2020,10,JAX,GB,3.5,away,3.5,55.0,18,13,away,2020-09-10,sample_data,1,1,0,0,0,0,0
2020,10,CHI,CAR,2.5,home,-2.5,41.0,30,23,away,2020-09-10,sample_data,1,1,0,1,0,0,0
2020,10,LAC,DAL,2.0,home,-2.0,52.5,21,30,home,2020-09-10,sample_data,0,1,0,0,0,0,0
2020,10,CIN,BUF,7.0,home,-7.0,41.0,10,20,home,2020-09-10,sample_data,0,1,0,1,0,0,0
2020,10,HOU,WAS,2.5,away,2.5,45.0,21,27,home,2020-09-10,sample_data,0,1,0,0,0,0,0
2020,10,NE,DEN,3.5,home,-3.5,56.5,26,20,away,2020-09-10,sample_data,1,1,0,1,0,0,0
2020,10,ARI,DET,4.5,home,-4.5,50.5,13,23,home,2020-09-10,sample_data,0,1,0,1,0,0,0
2020,10,NYJ,PIT,6.0,home,-6.0,47.0,26,27,home,2020-09-10,sample_data,0,1,0,1,0,0,0
2020,10,LV,SF,1.5,home,-1.5,40.0,19,27,home,2020-09-10,sample_data,0,1,0,0,0,0,0
2020,10,KC,TEN,3.0,home,-3.0,49.0,31,23,away,2020-09-10,sample_data,1,1,0,1,0,0,0
2020,10,ATL,TB,4.5,home,-4.5,45.5,16,20,home,2020-09-10,sample_data,0,1,1,1,0,0,0
2020,11,CIN,KC,2.0,home,-2.0,46.5,16,25,home,2020-09-11,sample_data,0,1,0,1,0,0,0
2020,11,DET,PHI,2.0,away,2.0,35.0,24,14,away,2020-09-11,sample_data,1,1,0,1,0,0,0
2020,11,ARI,DAL,2.0,home,-2.0,42.5,33,20,away,2020-09-11,sample_data,1,1,0,1,0,0,0
2020,11,JAX,HOU,5.0,home,-5.0,50.5,20,28,home,2020-09-11,sample_data,0,1,1,1,0,0,0
2020,11,CLE,LAR,8.5,home,-8.5,49.5,15,24,home,2020-09-11,sample_data,0,1,0,0,0,0,0
2020,11,CAR,PIT,4.5,home,-4.5,49.0,12,25,home,2020-09-11,sample_data,0,1,0,0,0,0,0
2020,11,ATL,DEN,3.0,home,-3.0,37.0,26,31,home,2020-09-11,sample_data,0,1,0,0,0,0,0
2020,11,BAL,IND,1.5,home,-1.5,48.0,30,34,home,2020-09-11,sample_data,0,1,0,1,0,0,0
2020,11,LV,SEA,6.0,home,-6.0,36.0,15,18,home,2020-09-11,sample_data,0,1,0,0,0,0,0
2020,11,TB,MIA,1.0,away,1.0,52.0,28,21,away,2020-09-11,sample_data,1,1,0,0,0,0,0
2020,11,BUF,CHI,4.5,away,4.5,40.5,32,19,away,2020-09-11,sample_data,1,1,0,0,0,0,0
2020,11,NO,SF,2.0,away,2.0,48.0,24,26,home,2020-09-11,sample_data,0,1,0,1,0,0,0
2020,11,WAS,NYG,3.5,home,-3.5,52.0,19,28,home,2020-09-11,sample_data,0,1,1,1,0,0,0
2020,11,GB,MIN,4.0,away,4.0,48.0,23,19,away,2020-09-11,sample_data,1,1,1,1,0,0,0
2020,11,NE,TEN,5.5,home,-5.5,42.5,18,20,home,2020-09-11,sample_data,0,1,0,1,0,0,0
2020,11,LAC,NYJ,5.5,away,5.5,37.5,28,17,away,2020-09-11,sample_data,1,1,0,1,0,0,0
2020,12,BAL,ARI,0.5,away,0.5,58.5,9,20,home,2020-09-12,sample_data,0,1,0,0,0,0,0
2020,12,PIT,TEN,7.0,home,-7.0,42.5,19,29,home,2020-09-12,sample_data,0,1,0,1,0,0,0
2020,12,IND,CIN,0.5,home,-0.5,47.5,33,24,away,2020-09-12,sample_data,1,1,0,1,0,0,0
2020,12,LV,NYG,1.5,home,-1.5,37.5,33,25,away,2020-09-12,sample_data,1,1,0,0,0,0,0
2020,12,GB,TB,6.5,home,-6.5,53.0,15,20,home,2020-09-12,sample_data,0,1,0,1,0,0,0
2020,12,WAS,CHI,1.0,home,-1.0,42.0,18,6,away,2020-09-12,sample_data,1,1,0,1,0,0,0
2020,12,DAL,BUF,2.0,home,-2.0,45.5,25,31,home,2020-09-12,sample_data,0,1,0,0,0,0,0
2020,12,ATL,MIN,6.5,home,-6.5,39.0,17,22,home,2020-09-12,sample_data,0,1,0,1,0,0,0
2020,12,NYJ,CAR,1.0,away,1.0,35.0,19,11,away,2020-09-12,sample_data,1,1,0,0,0,0,0
2020,12,NE,SEA,4.5,home,-4.5,56.5,17,11,away,2020-09-12,sample_data,1,1,0,0,0,0,0
2020,12,MIA,SF,4.0,home,-4.0,40.5,18,29,home,2020-09-12,sample_data,0,1,0,0,0,0,0
2020,12,HOU,KC,3.5,home,-3.5,40.5,10,21,home,2020-09-12,sample_data,0,1,0,1,0,0,0
2020,12,DEN,DET,5.0,home,-5.0,41.0,34,30,away,2020-09-12,sample_data,1,1,0,0,0,0,0
2020,12,LAR,JAX,9.5,home,-9.5,46.5,5,18,home,2020-09-12,sample_data,0,1,0,0,0,0,0
2020,12,CLE,PHI,3.0,home,-3.0,36.5,26,29,home,2020-09-12,sample_data,0,1,0,0,0,0,0
2020,12,NO,LAC,2.0,home,-2.0,40.5,23,25,home,2020-09-12,sample_data,0,1,0,0,0,0,0
2020,13,SEA,HOU,2.0,away,2.0,45.5,21,33,home,2020-09-13,sample_data,0,1,0,0,0,0,0
2020,13,ARI,TB,3.5,home,-3.5,40.5,32,34,home,2020-09-13,sample_data,0,1,0,1,0,0,0
2020,13,MIA,NE,1.5,home,-1.5,35.0,11,17,home,2020-09-13,sample_data,0,1,1,1,0,0,0
2020,13,CHI,KC,8.5,home,-8.5,42.0,16,18,home,2020-09-13,sample_data,0,1,0,0,0,0,0
2020,13,SF,LAR,1.0,home,-1.0,48.5,14,18,home,2020-09-13,sample_data,0,1,1,1,0,0,0
2020,13,BUF,JAX,1.5,away,1.5,49.5,28,20,away,2020-09-13,sample_data,1,1,0,1,0,0,0
2020,13,BAL,MIN,3.0,home,-3.0,55.5,18,21,home,2020-09-13,sample_data,0,1,0,0,0,0,0
2020,13,CIN,LV,2.5,away,2.5,37.5,18,5,away,2020-09-13,sample_data,1,1,0,1,0,0,0
2020,13,ATL,PHI,2.0,home,-2.0,47.5,12,24,home,2020-09-13,sample_data,0,1,0,1,0,0,0
2020,13,DET,GB,5.5,home,-5.5,43.0,20,31,home,2020-09-13,sample_data,0,1,1,1,0,0,0
2020,13,DEN,NO,5.5,home,-5.5,39.0,15,19,home,2020-09-13,sample_data,0,1,0,0,0,0,0
2020,13,DAL,LAC,2.5,home,-2.5,53.0,21,33,home,2020-09-13,sample_data,0,1,0,0,0,0,0
2020,13,NYG,WAS,3.0,away,3.0,41.0,18,10,away,2020-09-13,sample_data,1,1,1,1,0,0,0
2020,13,CLE,TEN,3.5,home,-3.5,44.5,32,34,home,2020-09-13,sample_data,0,1,0,1,0,0,0
2020,13,NYJ,IND,3.0,home,-3.0,50.5,22,13,away,2020-09-13,sample_data,1,1,0,1,0,0,0
2020,13,CAR,PIT,2.0,home,-2.0,41.0,21,33,home,2020-09-13,sample_data,0,1,0,0,0,0,0
2020,14,WAS,TEN,4.5,home,-4.5,47.5,15,17,home,2020-09-14,sample_data,0,1,0,0,0,0,0
2020,14,ARI,CAR,8.5,home,-8.5,45.0,25,29,home,2020-09-14,sample_data,0,1,0,1,0,0,0
2020,14,TB,MIA,2.5,away,2.5,50.0,27,28,home,2020-09-14,sample_data,0,1,0,0,0,0,0
2020,14,SF,CLE,4.0,home,-4.0,50.0,23,25,home,2020-09-14,sample_data,0,1,0,0,0,0,0
2020,14,DET,PIT,6.0,home,-6.0,42.5,28,32,home,2020-09-14,sample_data,0,1,0,0,0,0,0
2020,14,MIN,NYJ,10.0,home,-10.0,47.5,13,25,home,2020-09-14,sample_data,0,1,0,0,0,0,0
2020,14,LAR,NYG,3.5,home,-3.5,38.5,28,26,away,2020-09-14,sample_data,1,1,0,1,0,0,0
2020,14,KC,BAL,4.5,home,-4.5,35.0,23,26,home,2020-09-14,sample_data,0,1,0,1,0,0,0
2020,14,GB,PHI,3.0,home,-3.0,51.0,21,17,away,2020-09-14,sample_data,1,1,0,1,0,0,0
2020,14,NE,DEN,6.0,home,-6.0,49.0,33,34,home,2020-09-14,sample_data,0,1,0,1,0,0,0
2020,14,LV,ATL,6.5,home,-6.5,44.0,29,31,home,2020-09-14,sample_data,0,1,0,0,0,0,0
2020,14,BUF,SEA,5.0,home,-5.0,51.5,28,25,away,2020-09-14,sample_data,1,1,0,0,0,0,0
2020,14,CIN,JAX,9.5,home,-9.5,40.5,25,32,home,2020-09-14,sample_data,0,1,0,1,0,0,0
2020,14,CHI,NO,2.5,away,2.5,53.0,21,16,away,2020-09-14,sample_data,1,1,0,1,0,0,0
2020,14,HOU,IND,0.0,pick,0.0,43.5,23,14,away,2020-09-14,sample_data,1,1,1,1,0,0,0
2020,15,ATL,TB,0.5,away,0.5,46.0,18,15,away,2020-09-15,sample_data,1,1,1,1,0,1,0
2020,15,MIA,SF,6.5,home,-6.5,41.5,31,20,away,2020-09-15,sample_data,1,1,0,0,0,1,0
2020,15,LAC,PIT,2.5,home,-2.5,50.5,14,26,home,2020-09-15,sample_data,0,1,0,1,0,1,0
2020,15,CLE,LV,7.5,home,-7.5,48.5,22,27,home,2020-09-15,sample_data,0,1,0,1,0,1,0
2020,15,TEN,IND,3.5,home,-3.5,35.0,28,20,away,2020-09-15,sample_data,1,1,1,1,0,1,0
2020,15,NO,DET,4.5,home,-4.5,43.0,9,18,home,2020-09-15,sample_data,0,1,0,1,0,1,0
2020,15,BUF,CAR,5.5,home,-5.5,45.0,13,19,home,2020-09-15,sample_data,0,1,0,0,0,1,0
2020,15,DEN,JAX,0.5,away,0.5,39.0,27,25,away,2020-09-15,sample_data,1,1,0,1,0,1,0
2020,15,HOU,KC,2.0,away,2.0,47.5,28,22,away,2020-09-15,sample_data,1,1,0,1,0,1,0
2020,15,LAR,NYG,0.5,away,0.5,48.0,17,10,away,2020-09-15,sample_data,1,1,0,1,0,1,0
2020,15,BAL,CIN,0.5,away,0.5,56.0,31,29,away,2020-09-15,sample_data,1,1,1,1,0,1,0
2020,15,ARI,PHI,2.5,home,-2.5,48.5,33,21,away,2020-09-15,sample_data,1,1,0,1,0,1,0
2020,15,DAL,WAS,3.0,home,-3.0,43.0,17,14,away,2020-09-15,sample_data,1,1,1,1,0,1,0
2020,15,GB,NE,10.5,home,-10.5,38.5,24,25,home,2020-09-15,sample_data,0,1,0,0,0,1,0
2020,15,SEA,MIN,6.5,home,-6.5,43.0,20,29,home,2020-09-15,sample_data,0,1,0,1,0,1,0
2020,15,NYJ,CHI,0.0,pick,0.0,50.0,29,18,away,2020-09-15,sample_data,1,1,0,0,0,1,0
2020,16,NE,NYJ,3.0,away,3.0,39.0,31,30,away,2020-09-16,sample_data,1,1,1,1,0,1,0
2020,16,WAS,KC,5.0,away,5.0,39.0,33,32,away,2020-09-16,sample_data,1,1,0,0,0,1,0
2020,16,TEN,MIN,3.0,home,-3.0,44.5,14,24,home,2020-09-16,sample_data,0,1,0,0,0,1,0
2020,16,CAR,JAX,9.5,home,-9.5,48.0,23,28,home,2020-09-16,sample_data,0,1,0,0,0,1,0
2020,16,ARI,LAR,8.5,home,-8.5,35.0,20,31,home,2020-09-16,sample_data,0,1,1,1,0,1,0
2020,16,DAL,SF,5.5,home,-5.5,43.0,31,27,away,2020-09-16,sample_data,1,1,0,1,0,1,0
2020,16,DEN,PHI,2.5,home,-2.5,48.0,15,20,home,2020-09-16,sample_data,0,1,0,0,0,1,0
2020,16,CLE,HOU,2.5,away,2.5,45.5,18,20,home,2020-09-16,sample_data,0,1,0,1,0,1,0
2020,16,MIA,TB,5.0,home,-5.0,44.0,27,20,away,2020-09-16,sample_data,1,1,0,0,0,1,0
2020,16,NYG,BUF,4.0,home,-4.0,55.5,13,26,home,2020-09-16,sample_data,0,1,0,0,0,1,0
2020,16,DET,LV,8.5,home,-8.5,44.0,19,29,home,2020-09-16,sample_data,0,1,0,0,0,1,0
2020,16,CHI,CIN,12.0,home,-12.0,52.5,18,26,home,2020-09-16,sample_data,0,1,0,0,0,1,0
2020,16,NO,GB,4.5,home,-4.5,53.5,18,20,home,2020-09-16,sample_data,0,1,0,1,0,1,0
2020,16,ATL,SEA,5.0,home,-5.0,50.5,25,26,home,2020-09-16,sample_data,0,1,0,1,0,1,0
2020,16,BAL,IND,1.5,away,1.5,43.0,26,28,home,2020-09-16,sample_data,0,1,0,1,0,1,0
2020,16,PIT,LAC,3.0,away,3.0,41.0,12,23,home,2020-09-16,sample_data,0,1,0,1,0,1,0
2020,17,WAS,DAL,0.0,pick,0.0,36.5,18,15,away,2020-09-17,sample_data,1,1,1,1,0,1,0
2020,17,IND,DET,8.0,home,-8.0,35.0,20,27,home,2020-09-17,sample_data,0,1,0,0,0,1,0
2020,17,KC,JAX,5.5,home,-5.5,41.5,12,22,home,2020-09-17,sample_data,0,1,0,1,0,1,0
2020,17,DEN,GB,4.0,home,-4.0,49.5,17,25,home,2020-09-17,sample_data,0,1,0,0,0,1,0
2020,17,LAR,NYG,4.0,away,4.0,37.0,29,28,away,2020-09-17,sample_data,1,1,0,1,0,1,0
2020,17,BAL,CLE,7.0,home,-7.0,45.5,22,24,home,2020-09-17,sample_data,0,1,1,1,0,1,0
2020,17,TB,CAR,2.0,away,2.0,49.0,22,20,away,2020-09-17,sample_data,1,1,1,1,0,1,0
2020,17,CIN,MIN,6.0,home,-6.0,40.5,15,20,home,2020-09-17,sample_data,0,1,0,0,0,1,0
2020,17,PHI,HOU,5.0,home,-5.0,39.0,22,32,home,2020-09-17,sample_data,0,1,0,0,0,1,0
2020,17,SEA,BUF,1.0,away,1.0,40.0,19,6,away,2020-09-17,sample_data,1,1,0,0,0,1,0
2020,17,ARI,TEN,1.0,home,-1.0,49.0,22,16,away,2020-09-17,sample_data,1,1,0,0,0,1,0
2020,17,NYJ,CHI,1.5,home,-1.5,45.5,18,5,away,2020-09-17,sample_data,1,1,0,0,0,1,0
2020,17,ATL,SF,0.5,away,0.5,36.5,24,25,home,2020-09-17,sample_data,0,1,0,1,0,1,0
2020,17,LV,PIT,4.5,away,4.5,57.5,19,13,away,2020-09-17,sample_data,1,1,0,1,0,1,0
2020,17,MIA,NE,3.0,home,-3.0,44.5,26,14,away,2020-09-17,sample_data,1,1,1,1,0,1,0
2020,17,NO,LAC,7.0,home,-7.0,48.0,20,25,home,2020-09-17,sample_data,0,1,0,0,0,1,0
2021,1,PIT,BUF,2.5,home,-2.5,48.5,16,27,home,2021-09-01,sample_data,0,1,0,1,1,0,0
2021,1,MIN,HOU,5.0,home,-5.0,50.5,10,18,home,2021-09-01,sample_data,0,1,0,0,1,0,0
2021,1,SEA,TB,4.5,home,-4.5,41.5,19,28,home,2021-09-01,sample_data,0,1,0,1,1,0,0
2021,1,BAL,LAR,5.5,home,-5.5,35.5,29,32,home,2021-09-01,sample_data,0,1,0,0,1,0,0
2021,1,NYJ,DET,3.0,home,-3.0,51.5,25,18,away,2021-09-01,sample_data,1,1,0,0,1,0,0
2021,1,NYG,NE,5.5,away,5.5,51.0,14,18,home,2021-09-01,sample_data,0,1,0,0,1,0,0
2021,1,PHI,KC,1.0,away,1.0,51.5,29,33,home,2021-09-01,sample_data,0,1,0,0,1,0,0
2021,1,MIA,SF,5.5,home,-5.5,40.5,22,26,home,2021-09-01,sample_data,0,1,0,0,1,0,0
2021,1,CHI,ATL,6.5,home,-6.5,38.5,20,29,home,2021-09-01,sample_data,0,1,0,1,1,0,0
2021,1,LV,ARI,2.0,away,2.0,41.5,17,25,home,2021-09-01,sample_data,0,1,0,0,1,0,0
2021,1,IND,DAL,1.5,away,1.5,50.0,26,19,away,2021-09-01,sample_data,1,1,0,0,1,0,0
2021,1,DEN,WAS,6.0,home,-6.0,46.0,28,26,away,2021-09-01,sample_data,1,1,0,0,1,0,0
2021,1,CLE,GB,0.5,away,0.5,52.0,19,18,away,2021-09-01,sample_data,1,1,0,0,1,0,0
2021,1,TEN,CAR,5.0,home,-5.0,44.0,21,11,away,2021-09-01,sample_data,1,1,0,0,1,0,0
2021,1,LAC,JAX,1.0,away,1.0,43.5,22,23,home,2021-09-01,sample_data,0,1,0,1,1,0,0
2021,1,CIN,NO,2.5,home,-2.5,35.0,23,10,away,2021-09-01,sample_data,1,1,0,0,1,0,0
2021,2,TB,JAX,2.5,home,-2.5,45.5,18,8,away,2021-09-02,sample_data,1,1,0,0,1,0,0
2021,2,HOU,BAL,5.5,home,-5.5,51.5,28,16,away,2021-09-02,sample_data,1,1,0,1,1,0,0
2021,2,CLE,ATL,2.5,home,-2.5,40.0,16,17,home,2021-09-02,sample_data,0,1,0,0,1,0,0
2021,2,SF,NYJ,1.0,home,-1.0,35.5,25,22,away,2021-09-02,sample_data,1,1,0,0,1,0,0
2021,2,NE,DEN,2.0,home,-2.0,36.0,20,28,home,2021-09-02,sample_data,0,1,0,1,1,0,0
2021,2,NO,TEN,2.0,home,-2.0,47.0,21,25,home,2021-09-02,sample_data,0,1,0,0,1,0,0
2021,2,CHI,LAR,2.5,home,-2.5,35.0,22,33,home,2021-09-02,sample_data,0,1,0,1,1,0,0
2021,2,MIA,LV,3.0,home,-3.0,59.5,20,21,home,2021-09-02,sample_data,0,1,0,1,1,0,0
2021,2,DET,DAL,8.0,home,-8.0,35.0,13,20,home,2021-09-02,sample_data,0,1,0,1,1,0,0
2021,2,SEA,NYG,1.0,home,-1.0,49.0,21,17,away,2021-09-02,sample_data,1,1,0,1,1,0,0
2021,2,PHI,ARI,3.5,home,-3.5,47.5,9,22,home,2021-09-02,sample_data,0,1,0,1,1,0,0
2021,2,IND,CIN,1.5,home,-1.5,49.5,16,19,home,2021-09-02,sample_data,0,1,0,1,1,0,0
2021,2,LAC,WAS,1.0,home,-1.0,43.5,23,24,home,2021-09-02,sample_data,0,1,0,0,1,0,0
2021,2,BUF,KC,8.0,home,-8.0,49.5,23,26,home,2021-09-02,sample_data,0,1,0,1,1,0,0
2021,2,GB,PIT,0.0,pick,0.0,44.5,5,17,home,2021-09-02,sample_data,0,1,0,0,1,0,0
2021,2,CAR,MIN,7.0,home,-7.0,45.5,22,25,home,2021-09-02,sample_data,0,1,0,1,1,0,0
2021,3,LV,TB,5.5,home,-5.5,43.0,27,26,away,2021-09-03,sample_data,1,1,0,0,1,0,0
2021,3,NYJ,DEN,5.0,home,-5.0,40.0,28,30,home,2021-09-03,sample_data,0,1,0,1,1,0,0
2021,3,HOU,SEA,2.5,away,2.5,44.5,17,24,home,2021-09-03,sample_data,0,1,0,0,1,0,0
2021,3,CHI,TEN,1.5,away,1.5,51.0,30,24,away,2021-09-03,sample_data,1,1,0,0,1,0,0
2021,3,CIN,ATL,4.5,home,-4.5,43.5,5,17,home,2021-09-03,sample_data,0,1,0,0,1,0,0
2021,3,GB,CLE,7.0,home,-7.0,47.0,29,32,home,2021-09-03,sample_data,0,1,0,0,1,0,0
2021,3,SF,NE,5.5,home,-5.5,35.0,25,20,away,2021-09-03,sample_data,1,1,0,0,1,0,0
2021,3,MIN,PIT,2.0,home,-2.0,49.0,19,7,away,2021-09-03,sample_data,1,1,0,0,1,0,0
2021,3,NYG,DAL,5.5,home,-5.5,51.0,25,34,home,2021-09-03,sample_data,0,1,1,1,1,0,0
2021,3,CAR,BAL,7.0,home,-7.0,42.5,30,22,away,2021-09-03,sample_data,1,1,0,0,1,0,0
2021,3,JAX,WAS,1.0,away,1.0,36.5,25,33,home,2021-09-03,sample_data,0,1,0,0,1,0,0
2021,3,LAR,LAC,6.5,home,-6.5,51.0,19,26,home,2021-09-03,sample_data,0,1,0,0,1,0,0
2021,3,BUF,MIA,0.5,away,0.5,40.0,7,20,home,2021-09-03,sample_data,0,1,1,1,1,0,0
2021,3,NO,PHI,0.5,home,-0.5,43.5,31,19,away,2021-09-03,sample_data,1,1,0,1,1,0,0
2021,3,IND,KC,9.5,home,-9.5,37.5,29,33,home,2021-09-03,sample_data,0,1,0,1,1,0,0
2021,3,DET,ARI,4.0,away,4.0,47.0,28,16,away,2021-09-03,sample_data,1,1,0,1,1,0,0
2021,4,KC,LAR,3.0,home,-3.0,45.0,20,24,home,2021-09-04,sample_data,0,1,0,0,1,0,0
2021,4,PHI,ARI,3.0,away,3.0,35.0,21,11,away,2021-09-04,sample_data,1,1,0,1,1,0,0
2021,4,GB,JAX,9.0,home,-9.0,42.5,23,32,home,2021-09-04,sample_data,0,1,0,0,1,0,0
2021,4,CLE,CHI,2.5,away,2.5,50.0,23,18,away,2021-09-04,sample_data,1,1,0,0,1,0,0
2021,4,LAC,DEN,9.0,home,-9.0,40.0,18,30,home,2021-09-04,sample_data,0,1,1,1,1,0,0
2021,4,ATL,LV,3.5,home,-3.5,49.0,27,32,home,2021-09-04,sample_data,0,1,0,0,1,0,0
2021,4,BAL,HOU,1.5,home,-1.5,35.0,21,17,away,2021-09-04,sample_data,1,1,0,1,1,0,0
2021,4,WAS,PIT,1.0,home,-1.0,41.5,17,9,away,2021-09-04,sample_data,1,1,0,0,1,0,0
2021,4,SF,TEN,4.0,home,-4.0,45.5,26,28,home,2021-09-04,sample_data,0,1,0,0,1,0,0
2021,4,IND,CAR,2.0,away,2.0,45.5,27,22,away,2021-09-04,sample_data,1,1,0,0,1,0,0
2021,4,SEA,TB,5.5,home,-5.5,37.5,26,28,home,2021-09-04,sample_data,0,1,0,1,1,0,0
2021,4,CIN,NYJ,3.5,home,-3.5,42.0,11,24,home,2021-09-04,sample_data,0,1,0,1,1,0,0
2021,4,NE,NYG,5.5,home,-5.5,46.5,11,20,home,2021-09-04,sample_data,0,1,0,0,1,0,0
2021,4,MIN,BUF,0.5,away,0.5,50.0,17,25,home,2021-09-04,sample_data,0,1,0,0,1,0,0
2021,4,NO,DET,3.5,away,3.5,40.5,21,9,away,2021-09-04,sample_data,1,1,0,1,1,0,0
2021,5,JAX,CAR,10.0,home,-10.0,42.0,24,25,home,2021-09-05,sample_data,0,1,0,0,0,0,0
2021,5,DET,KC,15.5,home,-15.5,35.0,8,20,home,2021-09-05,sample_data,0,1,0,0,0,0,0
2021,5,WAS,NE,3.5,home,-3.5,44.0,26,31,home,2021-09-05,sample_data,0,1,0,0,0,0,0
2021,5,DEN,SF,0.5,away,0.5,36.0,32,23,away,2021-09-05,sample_data,1,1,0,0,0,0,0
2021,5,TB,LV,10.5,home,-10.5,47.0,25,15,away,2021-09-05,sample_data,1,1,0,0,0,0,0
2021,5,DAL,HOU,3.0,home,-3.0,43.0,23,25,home,2021-09-05,sample_data,0,1,0,0,0,0,0
2021,5,NYG,BUF,2.5,away,2.5,45.0,29,28,away,2021-09-05,sample_data,1,1,0,0,0,0,0
2021,5,NYJ,CHI,4.5,home,-4.5,45.5,22,28,home,2021-09-05,sample_data,0,1,0,0,0,0,0
2021,5,SEA,MIA,0.5,away,0.5,49.5,6,19,home,2021-09-05,sample_data,0,1,0,0,0,0,0
2021,5,BAL,CLE,1.5,home,-1.5,46.5,29,17,away,2021-09-05,sample_data,1,1,1,1,0,0,0
2021,5,NO,PIT,1.5,home,-1.5,47.0,11,17,home,2021-09-05,sample_data,0,1,0,0,0,0,0
2021,5,PHI,ARI,2.5,home,-2.5,45.0,26,32,home,2021-09-05,sample_data,0,1,0,1,0,0,0
2021,5,TEN,LAR,6.5,home,-6.5,38.0,22,31,home,2021-09-05,sample_data,0,1,0,0,0,0,0
2021,5,IND,LAC,1.5,away,1.5,53.0,26,18,away,2021-09-05,sample_data,1,1,0,1,0,0,0
2021,5,GB,CIN,1.5,away,1.5,43.0,10,20,home,2021-09-05,sample_data,0,1,0,0,0,0,0
2021,6,JAX,NYG,0.5,away,0.5,39.5,24,33,home,2021-09-06,sample_data,0,1,0,0,0,0,0
2021,6,ATL,DAL,5.5,home,-5.5,41.0,26,29,home,2021-09-06,sample_data,0,1,0,1,0,0,0
2021,6,BUF,WAS,9.5,home,-9.5,48.5,24,29,home,2021-09-06,sample_data,0,1,0,0,0,0,0
2021,6,SEA,LAC,2.5,home,-2.5,43.0,31,30,away,2021-09-06,sample_data,1,1,0,0,0,0,0
2021,6,TB,NYJ,1.0,home,-1.0,51.5,17,15,away,2021-09-06,sample_data,1,1,0,0,0,0,0
2021,6,TEN,IND,4.0,home,-4.0,56.0,19,14,away,2021-09-06,sample_data,1,1,1,1,0,0,0
2021,6,PIT,MIA,6.5,home,-6.5,40.5,24,25,home,2021-09-06,sample_data,0,1,0,1,0,0,0
2021,6,NO,NE,4.5,home,-4.5,47.5,25,33,home,2021-09-06,sample_data,0,1,0,0,0,0,0
2021,6,ARI,DET,6.5,home,-6.5,46.5,8,19,home,2021-09-06,sample_data,0,1,0,1,0,0,0
2021,6,SF,PHI,6.0,home,-6.0,41.0,33,26,away,2021-09-06,sample_data,1,1,0,1,0,0,0
2021,6,HOU,LAR,9.0,home,-9.0,38.5,12,18,home,2021-09-06,sample_data,0,1,0,0,0,0,0
2021,6,CAR,KC,10.0,home,-10.0,52.0,14,18,home,2021-09-06,sample_data,0,1,0,0,0,0,0
2021,6,CHI,LV,9.0,home,-9.0,43.0,28,33,home,2021-09-06,sample_data,0,1,0,0,0,0,0
2021,6,BAL,CIN,2.5,home,-2.5,53.0,33,21,away,2021-09-06,sample_data,1,1,1,1,0,0,0
2021,6,GB,MIN,6.5,home,-6.5,47.0,22,31,home,2021-09-06,sample_data,0,1,1,1,0,0,0
2021,7,WAS,DEN,11.0,home,-11.0,38.0,24,32,home,2021-09-07,sample_data,0,1,0,0,0,0,0
2021,7,DET,CHI,0.5,away,0.5,50.5,34,21,away,2021-09-07,sample_data,1,1,1,1,0,0,0
2021,7,TEN,LV,0.5,home,-0.5,39.5,21,22,home,2021-09-07,sample_data,0,1,0,1,0,0,0
2021,7,DAL,NO,3.0,home,-3.0,37.0,22,31,home,2021-09-07,sample_data,0,1,0,1,0,0,0
2021,7,NYJ,PIT,2.5,home,-2.5,56.5,19,32,home,2021-09-07,sample_data,0,1,0,1,0,0,0
2021,7,GB,NE,0.0,pick,0.0,44.5,30,20,away,2021-09-07,sample_data,1,1,0,0,0,0,0
2021,7,JAX,BUF,4.0,home,-4.0,54.0,19,30,home,2021-09-07,sample_data,0,1,0,1,0,0,0
2021,7,NYG,LAR,0.5,away,0.5,44.5,29,27,away,2021-09-07,sample_data,1,1,0,1,0,0,0
2021,7,CAR,PHI,9.5,home,-9.5,35.0,9,21,home,2021-09-07,sample_data,0,1,0,1,0,0,0
2021,7,MIA,TB,2.0,away,2.0,54.5,29,27,away,2021-09-07,sample_data,1,1,0,0,0,0,0
2021,7,SEA,ATL,4.0,home,-4.0,39.5,16,24,home,2021-09-07,sample_data,0,1,0,1,0,0,0
2021,7,MIN,KC,1.0,home,-1.0,39.0,18,7,away,2021-09-07,sample_data,1,1,0,0,0,0,0
2021,7,SF,CLE,4.0,away,4.0,48.0,16,22,home,2021-09-07,sample_data,0,1,0,0,0,0,0
2021,7,ARI,LAC,0.5,home,-0.5,41.0,18,25,home,2021-09-07,sample_data,0,1,0,0,0,0,0
2021,7,HOU,IND,3.0,home,-3.0,50.0,31,25,away,2021-09-07,sample_data,1,1,1,1,0,0,0
2021,7,CIN,BAL,4.5,home,-4.5,49.5,19,27,home,2021-09-07,sample_data,0,1,1,1,0,0,0
2021,8,KC,NYG,8.0,home,-8.0,44.0,17,20,home,2021-09-08,sample_data,0,1,0,0,0,0,0
2021,8,BAL,MIN,0.0,pick,0.0,55.5,22,17,away,2021-09-08,sample_data,1,1,0,0,0,0,0
2021,8,PHI,TB,6.0,home,-6.0,44.5,18,19,home,2021-09-08,sample_data,0,1,0,1,0,0,0
2021,8,LAC,PIT,6.5,away,6.5,56.5,24,22,away,2021-09-08,sample_data,1,1,0,1,0,0,0
2021,8,CAR,SEA,14.0,home,-14.0,41.0,28,33,home,2021-09-08,sample_data,0,1,0,1,0,0,0
2021,8,CLE,NYJ,0.5,home,-0.5,45.0,24,13,away,2021-09-08,sample_data,1,1,0,1,0,0,0
2021,8,CHI,GB,0.5,home,-0.5,48.0,16,21,home,2021-09-08,sample_data,0,1,1,1,0,0,0
2021,8,TEN,NO,2.0,away,2.0,43.0,34,26,away,2021-09-08,sample_data,1,1,0,0,0,0,0
2021,8,DAL,ATL,10.5,home,-10.5,42.0,21,22,home,2021-09-08,sample_data,0,1,0,1,0,0,0
2021,8,ARI,SF,9.5,home,-9.5,46.5,25,30,home,2021-09-08,sample_data,0,1,1,1,0,0,0
2021,8,BUF,JAX,3.5,home,-3.5,49.0,19,22,home,2021-09-08,sample_data,0,1,0,1,0,0,0
2021,8,MIA,DEN,6.0,home,-6.0,46.5,12,23,home,2021-09-08,sample_data,0,1,0,1,0,0,0
2021,8,DET,CIN,0.5,home,-0.5,47.0,10,21,home,2021-09-08,sample_data,0,1,0,0,0,0,0
2021,8,NE,HOU,5.5,home,-5.5,42.5,31,27,away,2021-09-08,sample_data,1,1,0,1,0,0,0
2021,8,IND,LAR,12.5,home,-12.5,39.0,19,24,home,2021-09-08,sample_data,0,1,0,0,0,0,0
2021,8,LV,WAS,1.0,away,1.0,52.5,21,17,away,2021-09-08,sample_data,1,1,0,0,0,0,0
2021,9,ARI,BAL,2.5,away,2.5,53.5,30,19,away,2021-09-09,sample_data,1,1,0,0,0,0,0
2021,9,KC,CIN,1.5,away,1.5,59.0,15,27,home,2021-09-09,sample_data,0,1,0,1,0,0,0
2021,9,HOU,LV,7.5,home,-7.5,48.5,19,25,home,2021-09-09,sample_data,0,1,0,1,0,0,0
2021,9,PIT,NE,0.5,home,-0.5,42.0,17,11,away,2021-09-09,sample_data,1,1,0,1,0,0,0
2021,9,NO,NYG,12.5,home,-12.5,47.5,20,25,home,2021-09-09,sample_data,0,1,0,1,0,0,0
2021,9,NYJ,MIA,1.5,home,-1.5,49.5,18,11,away,2021-09-09,sample_data,1,1,1,1,0,0,0
2021,9,GB,BUF,6.0,home,-6.0,39.5,16,27,home,2021-09-09,sample_data,0,1,0,0,0,0,0
2021,9,ATL,CAR,1.5,home,-1.5,44.5,16,17,home,2021-09-09,sample_data,0,1,1,1,0,0,0
2021,9,SEA,CLE,1.0,away,1.0,50.0,29,34,home,2021-09-09,sample_data,0,1,0,0,0,0,0
2021,9,DAL,LAR,3.0,home,-3.0,58.0,24,23,away,2021-09-09,sample_data,1,1,0,1,0,0,0
2021,9,DET,MIN,2.5,away,2.5,38.0,33,20,away,2021-09-09,sample_data,1,1,1,1,0,0,0
2021,9,PHI,WAS,2.0,home,-2.0,35.0,34,32,away,2021-09-09,sample_data,1,1,1,1,0,0,0
2021,9,JAX,IND,3.0,away,3.0,61.5,20,19,away,2021-09-09,sample_data,1,1,1,1,0,0,0
2021,9,TEN,TB,1.5,home,-1.5,39.5,18,6,away,2021-09-09,sample_data,1,1,0,0,0,0,0
2021,9,LAC,CHI,8.5,home,-8.5,35.0,18,24,home,2021-09-09,sample_data,0,1,0,0,0,0,0
2021,10,SEA,BAL,4.0,away,4.0,45.5,19,11,away,2021-09-10,sample_data,1,1,0,0,0,0,0
2021,10,CLE,IND,6.5,home,-6.5,47.0,16,20,home,2021-09-10,sample_data,0,1,0,1,0,0,0
2021,10,LAR,MIA,4.5,home,-4.5,48.0,22,23,home,2021-09-10,sample_data,0,1,0,0,0,0,0
2021,10,PHI,MIN,4.0,home,-4.0,37.0,17,18,home,2021-09-10,sample_data,0,1,0,1,0,0,0
2021,10,NYG,NO,6.5,home,-6.5,40.5,24,28,home,2021-09-10,sample_data,0,1,0,1,0,0,0
2021,10,JAX,GB,3.5,away,3.5,55.0,18,13,away,2021-09-10,sample_data,1,1,0,0,0,0,0
2021,10,CHI,CAR,2.5,home,-2.5,41.0,30,23,away,2021-09-10,sample_data,1,1,0,1,0,0,0
2021,10,LAC,DAL,2.0,home,-2.0,52.5,21,30,home,2021-09-10,sample_data,0,1,0,0,0,0,0
2021,10,CIN,BUF,7.0,home,-7.0,41.0,10,20,home,2021-09-10,sample_data,0,1,0,1,0,0,0
2021,10,HOU,WAS,2.5,away,2.5,45.0,21,27,home,2021-09-10,sample_data,0,1,0,0,0,0,0
2021,10,NE,DEN,3.5,home,-3.5,56.5,26,20,away,2021-09-10,sample_data,1,1,0,1,0,0,0
2021,10,ARI,DET,4.5,home,-4.5,50.5,13,23,home,2021-09-10,sample_data,0,1,0,1,0,0,0
2021,10,NYJ,PIT,6.0,home,-6.0,47.0,26,27,home,2021-09-10,sample_data,0,1,0,1,0,0,0
2021,10,LV,SF,1.5,home,-1.5,40.0,19,27,home,2021-09-10,sample_data,0,1,0,0,0,0,0
2021,10,KC,TEN,3.0,home,-3.0,49.0,31,23,away,2021-09-10,sample_data,1,1,0,1,0,0,0
2021,10,ATL,TB,4.5,home,-4.5,45.5,16,20,home,2021-09-10,sample_data,0,1,1,1,0,0,0
2021,11,CIN,KC,2.0,home,-2.0,46.5,16,25,home,2021-09-11,sample_data,0,1,0,1,0,0,0
2021,11,DET,PHI,2.0,away,2.0,35.0,24,14,away,2021-09-11,sample_data,1,1,0,1,0,0,0
2021,11,ARI,DAL,2.0,home,-2.0,42.5,33,20,away,2021-09-11,sample_data,1,1,0,1,0,0,0
2021,11,JAX,HOU,5.0,home,-5.0,50.5,20,28,home,2021-09-11,sample_data,0,1,1,1,0,0,0
2021,11,CLE,LAR,8.5,home,-8.5,49.5,15,24,home,2021-09-11,sample_data,0,1,0,0,0,0,0
2021,11,CAR,PIT,4.5,home,-4.5,49.0,12,25,home,2021-09-11,sample_data,0,1,0,0,0,0,0
2021,11,ATL,DEN,3.0,home,-3.0,37.0,26,31,home,2021-09-11,sample_data,0,1,0,0,0,0,0
2021,11,BAL,IND,1.5,home,-1.5,48.0,30,34,home,2021-09-11,sample_data,0,1,0,1,0,0,0
2021,11,LV,SEA,6.0,home,-6.0,36.0,15,18,home,2021-09-11,sample_data,0,1,0,0,0,0,0
2021,11,TB,MIA,1.0,away,1.0,52.0,28,21,away,2021-09-11,sample_data,1,1,0,0,0,0,0
2021,11,BUF,CHI,4.5,away,4.5,40.5,32,19,away,2021-09-11,sample_data,1,1,0,0,0,0,0
2021,11,NO,SF,2.0,away,2.0,48.0,24,26,home,2021-09-11,sample_data,0,1,0,1,0,0,0
2021,11,WAS,NYG,3.5,home,-3.5,52.0,19,28,home,2021-09-11,sample_data,0,1,1,1,0,0,0
2021,11,GB,MIN,4.0,away,4.0,48.0,23,19,away,2021-09-11,sample_data,1,1,1,1,0,0,0
2021,11,NE,TEN,5.5,home,-5.5,42.5,18,20,home,2021-09-11,sample_data,0,1,0,1,0,0,0
2021,11,LAC,NYJ,5.5,away,5.5,37.5,28,17,away,2021-09-11,sample_data,1,1,0,1,0,0,0
2021,12,BAL,ARI,0.5,away,0.5,58.5,9,20,home,2021-09-12,sample_data,0,1,0,0,0,0,0
2021,12,PIT,TEN,7.0,home,-7.0,42.5,19,29,home,2021-09-12,sample_data,0,1,0,1,0,0,0
2021,12,IND,CIN,0.5,home,-0.5,47.5,33,24,away,2021-09-12,sample_data,1,1,0,1,0,0,0
2021,12,LV,NYG,1.5,home,-1.5,37.5,33,25,away,2021-09-12,sample_data,1,1,0,0,0,0,0
2021,12,GB,TB,6.5,home,-6.5,53.0,15,20,home,2021-09-12,sample_data,0,1,0,1,0,0,0
2021,12,WAS,CHI,1.0,home,-1.0,42.0,18,6,away,2021-09-12,sample_data,1,1,0,1,0,0,0
2021,12,DAL,BUF,2.0,home,-2.0,45.5,25,31,home,2021-09-12,sample_data,0,1,0,0,0,0,0
2021,12,ATL,MIN,6.5,home,-6.5,39.0,17,22,home,2021-09-12,sample_data,0,1,0,1,0,0,0
2021,12,NYJ,CAR,1.0,away,1.0,35.0,19,11,away,2021-09-12,sample_data,1,1,0,0,0,0,0
2021,12,NE,SEA,4.5,home,-4.5,56.5,17,11,away,2021-09-12,sample_data,1,1,0,0,0,0,0
2021,12,MIA,SF,4.0,home,-4.0,40.5,18,29,home,2021-09-12,sample_data,0,1,0,0,0,0,0
2021,12,HOU,KC,3.5,home,-3.5,40.5,10,21,home,2021-09-12,sample_data,0,1,0,1,0,0,0
2021,12,DEN,DET,5.0,home,-5.0,41.0,34,30,away,2021-09-12,sample_data,1,1,0,0,0,0,0
2021,12,LAR,JAX,9.5,home,-9.5,46.5,5,18,home,2021-09-12,sample_data,0,1,0,0,0,0,0
2021,12,CLE,PHI,3.0,home,-3.0,36.5,26,29,home,2021-09-12,sample_data,0,1,0,0,0,0,0
2021,12,NO,LAC,2.0,home,-2.0,40.5,23,25,home,2021-09-12,sample_data,0,1,0,0,0,0,0
2021,13,SEA,HOU,2.0,away,2.0,45.5,21,33,home,2021-09-13,sample_data,0,1,0,0,0,0,0
2021,13,ARI,TB,3.5,home,-3.5,40.5,32,34,home,2021-09-13,sample_data,0,1,0,1,0,0,0
2021,13,MIA,NE,1.5,home,-1.5,35.0,11,17,home,2021-09-13,sample_data,0,1,1,1,0,0,0
2021,13,CHI,KC,8.5,home,-8.5,42.0,16,18,home,2021-09-13,sample_data,0,1,0,0,0,0,0
2021,13,SF,LAR,1.0,home,-1.0,48.5,14,18,home,2021-09-13,sample_data,0,1,1,1,0,0,0
2021,13,BUF,JAX,1.5,away,1.5,49.5,28,20,away,2021-09-13,sample_data,1,1,0,1,0,0,0
2021,13,BAL,MIN,3.0,home,-3.0,55.5,18,21,home,2021-09-13,sample_data,0,1,0,0,0,0,0
2021,13,CIN,LV,2.5,away,2.5,37.5,18,5,away,2021-09-13,sample_data,1,1,0,1,0,0,0
2021,13,ATL,PHI,2.0,home,-2.0,47.5,12,24,home,2021-09-13,sample_data,0,1,0,1,0,0,0
2021,13,DET,GB,5.5,home,-5.5,43.0,20,31,home,2021-09-13,sample_data,0,1,1,1,0,0,0
2021,13,DEN,NO,5.5,home,-5.5,39.0,15,19,home,2021-09-13,sample_data,0,1,0,0,0,0,0
2021,13,DAL,LAC,2.5,home,-2.5,53.0,21,33,home,2021-09-13,sample_data,0,1,0,0,0,0,0
2021,13,NYG,WAS,3.0,away,3.0,41.0,18,10,away,2021-09-13,sample_data,1,1,1,1,0,0,0
2021,13,CLE,TEN,3.5,home,-3.5,44.5,32,34,home,2021-09-13,sample_data,0,1,0,1,0,0,0
2021,13,NYJ,IND,3.0,home,-3.0,50.5,22,13,away,2021-09-13,sample_data,1,1,0,1,0,0,0
2021,13,CAR,PIT,2.0,home,-2.0,41.0,21,33,home,2021-09-13,sample_data,0,1,0,0,0,0,0
2021,14,WAS,TEN,4.5,home,-4.5,47.5,15,17,home,2021-09-14,sample_data,0,1,0,0,0,0,0
2021,14,ARI,CAR,8.5,home,-8.5,45.0,25,29,home,2021-09-14,sample_data,0,1,0,1,0,0,0
2021,14,TB,MIA,2.5,away,2.5,50.0,27,28,home,2021-09-14,sample_data,0,1,0,0,0,0,0
2021,14,SF,CLE,4.0,home,-4.0,50.0,23,25,home,2021-09-14,sample_data,0,1,0,0,0,0,0
2021,14,DET,PIT,6.0,home,-6.0,42.5,28,32,home,2021-09-14,sample_data,0,1,0,0,0,0,0
2021,14,MIN,NYJ,10.0,home,-10.0,47.5,13,25,home,2021-09-14,sample_data,0,1,0,0,0,0,0
2021,14,LAR,NYG,3.5,home,-3.5,38.5,28,26,away,2021-09-14,sample_data,1,1,0,1,0,0,0
2021,14,KC,BAL,4.5,home,-4.5,35.0,23,26,home,2021-09-14,sample_data,0,1,0,1,0,0,0
2021,14,GB,PHI,3.0,home,-3.0,51.0,21,17,away,2021-09-14,sample_data,1,1,0,1,0,0,0
2021,14,NE,DEN,6.0,home,-6.0,49.0,33,34,home,2021-09-14,sample_data,0,1,0,1,0,0,0
2021,14,LV,ATL,6.5,home,-6.5,44.0,29,31,home,2021-09-14,sample_data,0,1,0,0,0,0,0
2021,14,BUF,SEA,5.0,home,-5.0,51.5,28,25,away,2021-09-14,sample_data,1,1,0,0,0,0,0
2021,14,CIN,JAX,9.5,home,-9.5,40.5,25,32,home,2021-09-14,sample_data,0,1,0,1,0,0,0
2021,14,CHI,NO,2.5,away,2.5,53.0,21,16,away,2021-09-14,sample_data,1,1,0,1,0,0,0
2021,14,HOU,IND,0.0,pick,0.0,43.5,23,14,away,2021-09-14,sample_data,1,1,1,1,0,0,0
2021,15,ATL,TB,0.5,away,0.5,46.0,18,15,away,2021-09-15,sample_data,1,1,1,1,0,1,0
2021,15,MIA,SF,6.5,home,-6.5,41.5,31,20,away,2021-09-15,sample_data,1,1,0,0,0,1,0
2021,15,LAC,PIT,2.5,home,-2.5,50.5,14,26,home,2021-09-15,sample_data,0,1,0,1,0,1,0
2021,15,CLE,LV,7.5,home,-7.5,48.5,22,27,home,2021-09-15,sample_data,0,1,0,1,0,1,0
2021,15,TEN,IND,3.5,home,-3.5,35.0,28,20,away,2021-09-15,sample_data,1,1,1,1,0,1,0
2021,15,NO,DET,4.5,home,-4.5,43.0,9,18,home,2021-09-15,sample_data,0,1,0,1,0,1,0
2021,15,BUF,CAR,5.5,home,-5.5,45.0,13,19,home,2021-09-15,sample_data,0,1,0,0,0,1,0
2021,15,DEN,JAX,0.5,away,0.5,39.0,27,25,away,2021-09-15,sample_data,1,1,0,1,0,1,0
2021,15,HOU,KC,2.0,away,2.0,47.5,28,22,away,2021-09-15,sample_data,1,1,0,1,0,1,0
2021,15,LAR,NYG,0.5,away,0.5,48.0,17,10,away,2021-09-15,sample_data,1,1,0,1,0,1,0
2021,15,BAL,CIN,0.5,away,0.5,56.0,31,29,away,2021-09-15,sample_data,1,1,1,1,0,1,0
2021,15,ARI,PHI,2.5,home,-2.5,48.5,33,21,away,2021-09-15,sample_data,1,1,0,1,0,1,0
2021,15,DAL,WAS,3.0,home,-3.0,43.0,17,14,away,2021-09-15,sample_data,1,1,1,1,0,1,0
2021,15,GB,NE,10.5,home,-10.5,38.5,24,25,home,2021-09-15,sample_data,0,1,0,0,0,1,0
2021,15,SEA,MIN,6.5,home,-6.5,43.0,20,29,home,2021-09-15,sample_data,0,1,0,1,0,1,0
2021,15,NYJ,CHI,0.0,pick,0.0,50.0,29,18,away,2021-09-15,sample_data,1,1,0,0,0,1,0
2021,16,NE,NYJ,3.0,away,3.0,39.0,31,30,away,2021-09-16,sample_data,1,1,1,1,0,1,0
2021,16,WAS,KC,5.0,away,5.0,39.0,33,32,away,2021-09-16,sample_data,1,1,0,0,0,1,0
2021,16,TEN,MIN,3.0,home,-3.0,44.5,14,24,home,2021-09-16,sample_data,0,1,0,0,0,1,0
2021,16,CAR,JAX,9.5,home,-9.5,48.0,23,28,home,2021-09-16,sample_data,0,1,0,0,0,1,0
2021,16,ARI,LAR,8.5,home,-8.5,35.0,20,31,home,2021-09-16,sample_data,0,1,1,1,0,1,0
2021,16,DAL,SF,5.5,home,-5.5,43.0,31,27,away,2021-09-16,sample_data,1,1,0,1,0,1,0
2021,16,DEN,PHI,2.5,home,-2.5,48.0,15,20,home,2021-09-16,sample_data,0,1,0,0,0,1,0
2021,16,CLE,HOU,2.5,away,2.5,45.5,18,20,home,2021-09-16,sample_data,0,1,0,1,0,1,0
2021,16,MIA,TB,5.0,home,-5.0,44.0,27,20,away,2021-09-16,sample_data,1,1,0,0,0,1,0
2021,16,NYG,BUF,4.0,home,-4.0,55.5,13,26,home,2021-09-16,sample_data,0,1,0,0,0,1,0
2021,16,DET,LV,8.5,home,-8.5,44.0,19,29,home,2021-09-16,sample_data,0,1,0,0,0,1,0
2021,16,CHI,CIN,12.0,home,-12.0,52.5,18,26,home,2021-09-16,sample_data,0,1,0,0,0,1,0
2021,16,NO,GB,4.5,home,-4.5,53.5,18,20,home,2021-09-16,sample_data,0,1,0,1,0,1,0
2021,16,ATL,SEA,5.0,home,-5.0,50.5,25,26,home,2021-09-16,sample_data,0,1,0,1,0,1,0
2021,16,BAL,IND,1.5,away,1.5,43.0,26,28,home,2021-09-16,sample_data,0,1,0,1,0,1,0
2021,16,PIT,LAC,3.0,away,3.0,41.0,12,23,home,2021-09-16,sample_data,0,1,0,1,0,1,0
2021,17,WAS,DAL,0.0,pick,0.0,36.5,18,15,away,2021-09-17,sample_data,1,1,1,1,0,1,0
2021,17,IND,DET,8.0,home,-8.0,35.0,20,27,home,2021-09-17,sample_data,0,1,0,0,0,1,0
2021,17,KC,JAX,5.5,home,-5.5,41.5,12,22,home,2021-09-17,sample_data,0,1,0,1,0,1,0
2021,17,DEN,GB,4.0,home,-4.0,49.5,17,25,home,2021-09-17,sample_data,0,1,0,0,0,1,0
2021,17,LAR,NYG,4.0,away,4.0,37.0,29,28,away,2021-09-17,sample_data,1,1,0,1,0,1,0
2021,17,BAL,CLE,7.0,home,-7.0,45.5,22,24,home,2021-09-17,sample_data,0,1,1,1,0,1,0
2021,17,TB,CAR,2.0,away,2.0,49.0,22,20,away,2021-09-17,sample_data,1,1,1,1,0,1,0
2021,17,CIN,MIN,6.0,home,-6.0,40.5,15,20,home,2021-09-17,sample_data,0,1,0,0,0,1,0
2021,17,PHI,HOU,5.0,home,-5.0,39.0,22,32,home,2021-09-17,sample_data,0,1,0,0,0,1,0
2021,17,SEA,BUF,1.0,away,1.0,40.0,19,6,away,2021-09-17,sample_data,1,1,0,0,0,1,0
2021,17,ARI,TEN,1.0,home,-1.0,49.0,22,16,away,2021-09-17,sample_data,1,1,0,0,0,1,0
2021,17,NYJ,CHI,1.5,home,-1.5,45.5,18,5,away,2021-09-17,sample_data,1,1,0,0,0,1,0
2021,17,ATL,SF,0.5,away,0.5,36.5,24,25,home,2021-09-17,sample_data,0,1,0,1,0,1,0
2021,17,LV,PIT,4.5,away,4.5,57.5,19,13,away,2021-09-17,sample_data,1,1,0,1,0,1,0
2021,17,MIA,NE,3.0,home,-3.0,44.5,26,14,away,2021-09-17,sample_data,1,1,1,1,0,1,0
2021,17,NO,LAC,7.0,home,-7.0,48.0,20,25,home,2021-09-17,sample_data,0,1,0,0,0,1,0
2022,1,PIT,BUF,2.5,home,-2.5,48.5,16,27,home,2022-09-01,sample_data,0,1,0,1,1,0,0
2022,1,MIN,HOU,5.0,home,-5.0,50.5,10,18,home,2022-09-01,sample_data,0,1,0,0,1,0,0
2022,1,SEA,TB,4.5,home,-4.5,41.5,19,28,home,2022-09-01,sample_data,0,1,0,1,1,0,0
2022,1,BAL,LAR,5.5,home,-5.5,35.5,29,32,home,2022-09-01,sample_data,0,1,0,0,1,0,0
2022,1,NYJ,DET,3.0,home,-3.0,51.5,25,18,away,2022-09-01,sample_data,1,1,0,0,1,0,0
2022,1,NYG,NE,5.5,away,5.5,51.0,14,18,home,2022-09-01,sample_data,0,1,0,0,1,0,0
2022,1,PHI,KC,1.0,away,1.0,51.5,29,33,home,2022-09-01,sample_data,0,1,0,0,1,0,0
2022,1,MIA,SF,5.5,home,-5.5,40.5,22,26,home,2022-09-01,sample_data,0,1,0,0,1,0,0
2022,1,CHI,ATL,6.5,home,-6.5,38.5,20,29,home,2022-09-01,sample_data,0,1,0,1,1,0,0
2022,1,LV,ARI,2.0,away,2.0,41.5,17,25,home,2022-09-01,sample_data,0,1,0,0,1,0,0
2022,1,IND,DAL,1.5,away,1.5,50.0,26,19,away,2022-09-01,sample_data,1,1,0,0,1,0,0
2022,1,DEN,WAS,6.0,home,-6.0,46.0,28,26,away,2022-09-01,sample_data,1,1,0,0,1,0,0
2022,1,CLE,GB,0.5,away,0.5,52.0,19,18,away,2022-09-01,sample_data,1,1,0,0,1,0,0
2022,1,TEN,CAR,5.0,home,-5.0,44.0,21,11,away,2022-09-01,sample_data,1,1,0,0,1,0,0
2022,1,LAC,JAX,1.0,away,1.0,43.5,22,23,home,2022-09-01,sample_data,0,1,0,1,1,0,0
2022,1,CIN,NO,2.5,home,-2.5,35.0,23,10,away,2022-09-01,sample_data,1,1,0,0,1,0,0
2022,2,TB,JAX,2.5,home,-2.5,45.5,18,8,away,2022-09-02,sample_data,1,1,0,0,1,0,0
2022,2,HOU,BAL,5.5,home,-5.5,51.5,28,16,away,2022-09-02,sample_data,1,1,0,1,1,0,0
2022,2,CLE,ATL,2.5,home,-2.5,40.0,16,17,home,2022-09-02,sample_data,0,1,0,0,1,0,0
2022,2,SF,NYJ,1.0,home,-1.0,35.5,25,22,away,2022-09-02,sample_data,1,1,0,0,1,0,0
2022,2,NE,DEN,2.0,home,-2.0,36.0,20,28,home,2022-09-02,sample_data,0,1,0,1,1,0,0
2022,2,NO,TEN,2.0,home,-2.0,47.0,21,25,home,2022-09-02,sample_data,0,1,0,0,1,0,0
2022,2,CHI,LAR,2.5,home,-2.5,35.0,22,33,home,2022-09-02,sample_data,0,1,0,1,1,0,0
2022,2,MIA,LV,3.0,home,-3.0,59.5,20,21,home,2022-09-02,sample_data,0,1,0,1,1,0,0
2022,2,DET,DAL,8.0,home,-8.0,35.0,13,20,home,2022-09-02,sample_data,0,1,0,1,1,0,0
2022,2,SEA,NYG,1.0,home,-1.0,49.0,21,17,away,2022-09-02,sample_data,1,1,0,1,1,0,0
2022,2,PHI,ARI,3.5,home,-3.5,47.5,9,22,home,2022-09-02,sample_data,0,1,0,1,1,0,0
2022,2,IND,CIN,1.5,home,-1.5,49.5,16,19,home,2022-09-02,sample_data,0,1,0,1,1,0,0
2022,2,LAC,WAS,1.0,home,-1.0,43.5,23,24,home,2022-09-02,sample_data,0,1,0,0,1,0,0
2022,2,BUF,KC,8.0,home,-8.0,49.5,23,26,home,2022-09-02,sample_data,0,1,0,1,1,0,0
2022,2,GB,PIT,0.0,pick,0.0,44.5,5,17,home,2022-09-02,sample_data,0,1,0,0,1,0,0
2022,2,CAR,MIN,7.0,home,-7.0,45.5,22,25,home,2022-09-02,sample_data,0,1,0,1,1,0,0
2022,3,LV,TB,5.5,home,-5.5,43.0,27,26,away,2022-09-03,sample_data,1,1,0,0,1,0,0
2022,3,NYJ,DEN,5.0,home,-5.0,40.0,28,30,home,2022-09-03,sample_data,0,1,0,1,1,0,0
2022,3,HOU,SEA,2.5,away,2.5,44.5,17,24,home,2022-09-03,sample_data,0,1,0,0,1,0,0
2022,3,CHI,TEN,1.5,away,1.5,51.0,30,24,away,2022-09-03,sample_data,1,1,0,0,1,0,0
2022,3,CIN,ATL,4.5,home,-4.5,43.5,5,17,home,2022-09-03,sample_data,0,1,0,0,1,0,0
2022,3,GB,CLE,7.0,home,-7.0,47.0,29,32,home,2022-09-03,sample_data,0,1,0,0,1,0,0
2022,3,SF,NE,5.5,home,-5.5,35.0,25,20,away,2022-09-03,sample_data,1,1,0,0,1,0,0
2022,3,MIN,PIT,2.0,home,-2.0,49.0,19,7,away,2022-09-03,sample_data,1,1,0,0,1,0,0
2022,3,NYG,DAL,5.5,home,-5.5,51.0,25,34,home,2022-09-03,sample_data,0,1,1,1,1,0,0
2022,3,CAR,BAL,7.0,home,-7.0,42.5,30,22,away,2022-09-03,sample_data,1,1,0,0,1,0,0
2022,3,JAX,WAS,1.0,away,1.0,36.5,25,33,home,2022-09-03,sample_data,0,1,0,0,1,0,0
2022,3,LAR,LAC,6.5,home,-6.5,51.0,19,26,home,2022-09-03,sample_data,0,1,0,0,1,0,0
2022,3,BUF,MIA,0.5,away,0.5,40.0,7,20,home,2022-09-03,sample_data,0,1,1,1,1,0,0
2022,3,NO,PHI,0.5,home,-0.5,43.5,31,19,away,2022-09-03,sample_data,1,1,0,1,1,0,0
2022,3,IND,KC,9.5,home,-9.5,37.5,29,33,home,2022-09-03,sample_data,0,1,0,1,1,0,0
2022,3,DET,ARI,4.0,away,4.0,47.0,28,16,away,2022-09-03,sample_data,1,1,0,1,1,0,0
2022,4,KC,LAR,3.0,home,-3.0,45.0,20,24,home,2022-09-04,sample_data,0,1,0,0,1,0,0
2022,4,PHI,ARI,3.0,away,3.0,35.0,21,11,away,2022-09-04,sample_data,1,1,0,1,1,0,0
2022,4,GB,JAX,9.0,home,-9.0,42.5,23,32,home,2022-09-04,sample_data,0,1,0,0,1,0,0
2022,4,CLE,CHI,2.5,away,2.5,50.0,23,18,away,2022-09-04,sample_data,1,1,0,0,1,0,0
2022,4,LAC,DEN,9.0,home,-9.0,40.0,18,30,home,2022-09-04,sample_data,0,1,1,1,1,0,0
2022,4,ATL,LV,3.5,home,-3.5,49.0,27,32,home,2022-09-04,sample_data,0,1,0,0,1,0,0
2022,4,BAL,HOU,1.5,home,-1.5,35.0,21,17,away,2022-09-04,sample_data,1,1,0,1,1,0,0
2022,4,WAS,PIT,1.0,home,-1.0,41.5,17,9,away,2022-09-04,sample_data,1,1,0,0,1,0,0
2022,4,SF,TEN,4.0,home,-4.0,45.5,26,28,home,2022-09-04,sample_data,0,1,0,0,1,0,0
2022,4,IND,CAR,2.0,away,2.0,45.5,27,22,away,2022-09-04,sample_data,1,1,0,0,1,0,0
2022,4,SEA,TB,5.5,home,-5.5,37.5,26,28,home,2022-09-04,sample_data,0,1,0,1,1,0,0
2022,4,CIN,NYJ,3.5,home,-3.5,42.0,11,24,home,2022-09-04,sample_data,0,1,0,1,1,0,0
2022,4,NE,NYG,5.5,home,-5.5,46.5,11,20,home,2022-09-04,sample_data,0,1,0,0,1,0,0
2022,4,MIN,BUF,0.5,away,0.5,50.0,17,25,home,2022-09-04,sample_data,0,1,0,0,1,0,0
2022,4,NO,DET,3.5,away,3.5,40.5,21,9,away,2022-09-04,sample_data,1,1,0,1,1,0,0
2022,5,JAX,CAR,10.0,home,-10.0,42.0,24,25,home,2022-09-05,sample_data,0,1,0,0,0,0,0
2022,5,DET,KC,15.5,home,-15.5,35.0,8,20,home,2022-09-05,sample_data,0,1,0,0,0,0,0
2022,5,WAS,NE,3.5,home,-3.5,44.0,26,31,home,2022-09-05,sample_data,0,1,0,0,0,0,0
2022,5,DEN,SF,0.5,away,0.5,36.0,32,23,away,2022-09-05,sample_data,1,1,0,0,0,0,0
2022,5,TB,LV,10.5,home,-10.5,47.0,25,15,away,2022-09-05,sample_data,1,1,0,0,0,0,0
2022,5,DAL,HOU,3.0,home,-3.0,43.0,23,25,home,2022-09-05,sample_data,0,1,0,0,0,0,0
2022,5,NYG,BUF,2.5,away,2.5,45.0,29,28,away,2022-09-05,sample_data,1,1,0,0,0,0,0
2022,5,NYJ,CHI,4.5,home,-4.5,45.5,22,28,home,2022-09-05,sample_data,0,1,0,0,0,0,0
2022,5,SEA,MIA,0.5,away,0.5,49.5,6,19,home,2022-09-05,sample_data,0,1,0,0,0,0,0
2022,5,BAL,CLE,1.5,home,-1.5,46.5,29,17,away,2022-09-05,sample_data,1,1,1,1,0,0,0
2022,5,NO,PIT,1.5,home,-1.5,47.0,11,17,home,2022-09-05,sample_data,0,1,0,0,0,0,0
2022,5,PHI,ARI,2.5,home,-2.5,45.0,26,32,home,2022-09-05,sample_data,0,1,0,1,0,0,0
2022,5,TEN,LAR,6.5,home,-6.5,38.0,22,31,home,2022-09-05,sample_data,0,1,0,0,0,0,0
2022,5,IND,LAC,1.5,away,1.5,53.0,26,18,away,2022-09-05,sample_data,1,1,0,1,0,0,0
2022,5,GB,CIN,1.5,away,1.5,43.0,10,20,home,2022-09-05,sample_data,0,1,0,0,0,0,0
2022,6,JAX,NYG,0.5,away,0.5,39.5,24,33,home,2022-09-06,sample_data,0,1,0,0,0,0,0
2022,6,ATL,DAL,5.5,home,-5.5,41.0,26,29,home,2022-09-06,sample_data,0,1,0,1,0,0,0
2022,6,BUF,WAS,9.5,home,-9.5,48.5,24,29,home,2022-09-06,sample_data,0,1,0,0,0,0,0
2022,6,SEA,LAC,2.5,home,-2.5,43.0,31,30,away,2022-09-06,sample_data,1,1,0,0,0,0,0
2022,6,TB,NYJ,1.0,home,-1.0,51.5,17,15,away,2022-09-06,sample_data,1,1,0,0,0,0,0
2022,6,TEN,IND,4.0,home,-4.0,56.0,19,14,away,2022-09-06,sample_data,1,1,1,1,0,0,0
2022,6,PIT,MIA,6.5,home,-6.5,40.5,24,25,home,2022-09-06,sample_data,0,1,0,1,0,0,0
2022,6,NO,NE,4.5,home,-4.5,47.5,25,33,home,2022-09-06,sample_data,0,1,0,0,0,0,0
2022,6,ARI,DET,6.5,home,-6.5,46.5,8,19,home,2022-09-06,sample_data,0,1,0,1,0,0,0
2022,6,SF,PHI,6.0,home,-6.0,41.0,33,26,away,2022-09-06,sample_data,1,1,0,1,0,0,0
2022,6,HOU,LAR,9.0,home,-9.0,38.5,12,18,home,2022-09-06,sample_data,0,1,0,0,0,0,0
2022,6,CAR,KC,10.0,home,-10.0,52.0,14,18,home,2022-09-06,sample_data,0,1,0,0,0,0,0
2022,6,CHI,LV,9.0,home,-9.0,43.0,28,33,home,2022-09-06,sample_data,0,1,0,0,0,0,0
2022,6,BAL,CIN,2.5,home,-2.5,53.0,33,21,away,2022-09-06,sample_data,1,1,1,1,0,0,0
2022,6,GB,MIN,6.5,home,-6.5,47.0,22,31,home,2022-09-06,sample_data,0,1,1,1,0,0,0
2022,7,WAS,DEN,11.0,home,-11.0,38.0,24,32,home,2022-09-07,sample_data,0,1,0,0,0,0,0
2022,7,DET,CHI,0.5,away,0.5,50.5,34,21,away,2022-09-07,sample_data,1,1,1,1,0,0,0
2022,7,TEN,LV,0.5,home,-0.5,39.5,21,22,home,2022-09-07,sample_data,0,1,0,1,0,0,0
2022,7,DAL,NO,3.0,home,-3.0,37.0,22,31,home,2022-09-07,sample_data,0,1,0,1,0,0,0
2022,7,NYJ,PIT,2.5,home,-2.5,56.5,19,32,home,2022-09-07,sample_data,0,1,0,1,0,0,0
2022,7,GB,NE,0.0,pick,0.0,44.5,30,20,away,2022-09-07,sample_data,1,1,0,0,0,0,0
2022,7,JAX,BUF,4.0,home,-4.0,54.0,19,30,home,2022-09-07,sample_data,0,1,0,1,0,0,0
2022,7,NYG,LAR,0.5,away,0.5,44.5,29,27,away,2022-09-07,sample_data,1,1,0,1,0,0,0
2022,7,CAR,PHI,9.5,home,-9.5,35.0,9,21,home,2022-09-07,sample_data,0,1,0,1,0,0,0
2022,7,MIA,TB,2.0,away,2.0,54.5,29,27,away,2022-09-07,sample_data,1,1,0,0,0,0,0
2022,7,SEA,ATL,4.0,home,-4.0,39.5,16,24,home,2022-09-07,sample_data,0,1,0,1,0,0,0
2022,7,MIN,KC,1.0,home,-1.0,39.0,18,7,away,2022-09-07,sample_data,1,1,0,0,0,0,0
2022,7,SF,CLE,4.0,away,4.0,48.0,16,22,home,2022-09-07,sample_data,0,1,0,0,0,0,0
2022,7,ARI,LAC,0.5,home,-0.5,41.0,18,25,home,2022-09-07,sample_data,0,1,0,0,0,0,0
2022,7,HOU,IND,3.0,home,-3.0,50.0,31,25,away,2022-09-07,sample_data,1,1,1,1,0,0,0
2022,7,CIN,BAL,4.5,home,-4.5,49.5,19,27,home,2022-09-07,sample_data,0,1,1,1,0,0,0
2022,8,KC,NYG,8.0,home,-8.0,44.0,17,20,home,2022-09-08,sample_data,0,1,0,0,0,0,0
2022,8,BAL,MIN,0.0,pick,0.0,55.5,22,17,away,2022-09-08,sample_data,1,1,0,0,0,0,0
2022,8,PHI,TB,6.0,home,-6.0,44.5,18,19,home,2022-09-08,sample_data,0,1,0,1,0,0,0
2022,8,LAC,PIT,6.5,away,6.5,56.5,24,22,away,2022-09-08,sample_data,1,1,0,1,0,0,0
2022,8,CAR,SEA,14.0,home,-14.0,41.0,28,33,home,2022-09-08,sample_data,0,1,0,1,0,0,0
2022,8,CLE,NYJ,0.5,home,-0.5,45.0,24,13,away,2022-09-08,sample_data,1,1,0,1,0,0,0
2022,8,CHI,GB,0.5,home,-0.5,48.0,16,21,home,2022-09-08,sample_data,0,1,1,1,0,0,0
2022,8,TEN,NO,2.0,away,2.0,43.0,34,26,away,2022-09-08,sample_data,1,1,0,0,0,0,0
2022,8,DAL,ATL,10.5,home,-10.5,42.0,21,22,home,2022-09-08,sample_data,0,1,0,1,0,0,0
2022,8,ARI,SF,9.5,home,-9.5,46.5,25,30,home,2022-09-08,sample_data,0,1,1,1,0,0,0
2022,8,BUF,JAX,3.5,home,-3.5,49.0,19,22,home,2022-09-08,sample_data,0,1,0,1,0,0,0
2022,8,MIA,DEN,6.0,home,-6.0,46.5,12,23,home,2022-09-08,sample_data,0,1,0,1,0,0,0
2022,8,DET,CIN,0.5,home,-0.5,47.0,10,21,home,2022-09-08,sample_data,0,1,0,0,0,0,0
2022,8,NE,HOU,5.5,home,-5.5,42.5,31,27,away,2022-09-08,sample_data,1,1,0,1,0,0,0
2022,8,IND,LAR,12.5,home,-12.5,39.0,19,24,home,2022-09-08,sample_data,0,1,0,0,0,0,0
2022,8,LV,WAS,1.0,away,1.0,52.5,21,17,away,2022-09-08,sample_data,1,1,0,0,0,0,0
2022,9,ARI,BAL,2.5,away,2.5,53.5,30,19,away,2022-09-09,sample_data,1,1,0,0,0,0,0
2022,9,KC,CIN,1.5,away,1.5,59.0,15,27,home,2022-09-09,sample_data,0,1,0,1,0,0,0
2022,9,HOU,LV,7.5,home,-7.5,48.5,19,25,home,2022-09-09,sample_data,0,1,0,1,0,0,0
2022,9,PIT,NE,0.5,home,-0.5,42.0,17,11,away,2022-09-09,sample_data,1,1,0,1,0,0,0
2022,9,NO,NYG,12.5,home,-12.5,47.5,20,25,home,2022-09-09,sample_data,0,1,0,1,0,0,0
2022,9,NYJ,MIA,1.5,home,-1.5,49.5,18,11,away,2022-09-09,sample_data,1,1,1,1,0,0,0
2022,9,GB,BUF,6.0,home,-6.0,39.5,16,27,home,2022-09-09,sample_data,0,1,0,0,0,0,0
2022,9,ATL,CAR,1.5,home,-1.5,44.5,16,17,home,2022-09-09,sample_data,0,1,1,1,0,0,0
2022,9,SEA,CLE,1.0,away,1.0,50.0,29,34,home,2022-09-09,sample_data,0,1,0,0,0,0,0
2022,9,DAL,LAR,3.0,home,-3.0,58.0,24,23,away,2022-09-09,sample_data,1,1,0,1,0,0,0
2022,9,DET,MIN,2.5,away,2.5,38.0,33,20,away,2022-09-09,sample_data,1,1,1,1,0,0,0
2022,9,PHI,WAS,2.0,home,-2.0,35.0,34,32,away,2022-09-09,sample_data,1,1,1,1,0,0,0
2022,9,JAX,IND,3.0,away,3.0,61.5,20,19,away,2022-09-09,sample_data,1,1,1,1,0,0,0
2022,9,TEN,TB,1.5,home,-1.5,39.5,18,6,away,2022-09-09,sample_data,1,1,0,0,0,0,0
2022,9,LAC,CHI,8.5,home,-8.5,35.0,18,24,home,2022-09-09,sample_data,0,1,0,0,0,0,0
2022,10,SEA,BAL,4.0,away,4.0,45.5,19,11,away,2022-09-10,sample_data,1,1,0,0,0,0,0
2022,10,CLE,IND,6.5,home,-6.5,47.0,16,20,home,2022-09-10,sample_data,0,1,0,1,0,0,0
2022,10,LAR,MIA,4.5,home,-4.5,48.0,22,23,home,2022-09-10,sample_data,0,1,0,0,0,0,0
2022,10,PHI,MIN,4.0,home,-4.0,37.0,17,18,home,2022-09-10,sample_data,0,1,0,1,0,0,0
2022,10,NYG,NO,6.5,home,-6.5,40.5,24,28,home,2022-09-10,sample_data,0,1,0,1,0,0,0
2022,10,JAX,GB,3.5,away,3.5,55.0,18,13,away,2022-09-10,sample_data,1,1,0,0,0,0,0
2022,10,CHI,CAR,2.5,home,-2.5,41.0,30,23,away,2022-09-10,sample_data,1,1,0,1,0,0,0
2022,10,LAC,DAL,2.0,home,-2.0,52.5,21,30,home,2022-09-10,sample_data,0,1,0,0,0,0,0
2022,10,CIN,BUF,7.0,home,-7.0,41.0,10,20,home,2022-09-10,sample_data,0,1,0,1,0,0,0
2022,10,HOU,WAS,2.5,away,2.5,45.0,21,27,home,2022-09-10,sample_data,0,1,0,0,0,0,0
2022,10,NE,DEN,3.5,home,-3.5,56.5,26,20,away,2022-09-10,sample_data,1,1,0,1,0,0,0
2022,10,ARI,DET,4.5,home,-4.5,50.5,13,23,home,2022-09-10,sample_data,0,1,0,1,0,0,0
2022,10,NYJ,PIT,6.0,home,-6.0,47.0,26,27,home,2022-09-10,sample_data,0,1,0,1,0,0,0
2022,10,LV,SF,1.5,home,-1.5,40.0,19,27,home,2022-09-10,sample_data,0,1,0,0,0,0,0
2022,10,KC,TEN,3.0,home,-3.0,49.0,31,23,away,2022-09-10,sample_data,1,1,0,1,0,0,0
2022,10,ATL,TB,4.5,home,-4.5,45.5,16,20,home,2022-09-10,sample_data,0,1,1,1,0,0,0
2022,11,CIN,KC,2.0,home,-2.0,46.5,16,25,home,2022-09-11,sample_data,0,1,0,1,0,0,0
2022,11,DET,PHI,2.0,away,2.0,35.0,24,14,away,2022-09-11,sample_data,1,1,0,1,0,0,0
2022,11,ARI,DAL,2.0,home,-2.0,42.5,33,20,away,2022-09-11,sample_data,1,1,0,1,0,0,0
2022,11,JAX,HOU,5.0,home,-5.0,50.5,20,28,home,2022-09-11,sample_data,0,1,1,1,0,0,0
2022,11,CLE,LAR,8.5,home,-8.5,49.5,15,24,home,2022-09-11,sample_data,0,1,0,0,0,0,0
2022,11,CAR,PIT,4.5,home,-4.5,49.0,12,25,home,2022-09-11,sample_data,0,1,0,0,0,0,0
2022,11,ATL,DEN,3.0,home,-3.0,37.0,26,31,home,2022-09-11,sample_data,0,1,0,0,0,0,0
2022,11,BAL,IND,1.5,home,-1.5,48.0,30,34,home,2022-09-11,sample_data,0,1,0,1,0,0,0
2022,11,LV,SEA,6.0,home,-6.0,36.0,15,18,home,2022-09-11,sample_data,0,1,0,0,0,0,0
2022,11,TB,MIA,1.0,away,1.0,52.0,28,21,away,2022-09-11,sample_data,1,1,0,0,0,0,0
2022,11,BUF,CHI,4.5,away,4.5,40.5,32,19,away,2022-09-11,sample_data,1,1,0,0,0,0,0
2022,11,NO,SF,2.0,away,2.0,48.0,24,26,home,2022-09-11,sample_data,0,1,0,1,0,0,0
2022,11,WAS,NYG,3.5,home,-3.5,52.0,19,28,home,2022-09-11,sample_data,0,1,1,1,0,0,0
2022,11,GB,MIN,4.0,away,4.0,48.0,23,19,away,2022-09-11,sample_data,1,1,1,1,0,0,0
2022,11,NE,TEN,5.5,home,-5.5,42.5,18,20,home,2022-09-11,sample_data,0,1,0,1,0,0,0
2022,11,LAC,NYJ,5.5,away,5.5,37.5,28,17,away,2022-09-11,sample_data,1,1,0,1,0,0,0
2022,12,BAL,ARI,0.5,away,0.5,58.5,9,20,home,2022-09-12,sample_data,0,1,0,0,0,0,0
2022,12,PIT,TEN,7.0,home,-7.0,42.5,19,29,home,2022-09-12,sample_data,0,1,0,1,0,0,0
2022,12,IND,CIN,0.5,home,-0.5,47.5,33,24,away,2022-09-12,sample_data,1,1,0,1,0,0,0
2022,12,LV,NYG,1.5,home,-1.5,37.5,33,25,away,2022-09-12,sample_data,1,1,0,0,0,0,0
2022,12,GB,TB,6.5,home,-6.5,53.0,15,20,home,2022-09-12,sample_data,0,1,0,1,0,0,0
2022,12,WAS,CHI,1.0,home,-1.0,42.0,18,6,away,2022-09-12,sample_data,1,1,0,1,0,0,0
2022,12,DAL,BUF,2.0,home,-2.0,45.5,25,31,home,2022-09-12,sample_data,0,1,0,0,0,0,0
2022,12,ATL,MIN,6.5,home,-6.5,39.0,17,22,home,2022-09-12,sample_data,0,1,0,1,0,0,0
2022,12,NYJ,CAR,1.0,away,1.0,35.0,19,11,away,2022-09-12,sample_data,1,1,0,0,0,0,0
2022,12,NE,SEA,4.5,home,-4.5,56.5,17,11,away,2022-09-12,sample_data,1,1,0,0,0,0,0
2022,12,MIA,SF,4.0,home,-4.0,40.5,18,29,home,2022-09-12,sample_data,0,1,0,0,0,0,0
2022,12,HOU,KC,3.5,home,-3.5,40.5,10,21,home,2022-09-12,sample_data,0,1,0,1,0,0,0
2022,12,DEN,DET,5.0,home,-5.0,41.0,34,30,away,2022-09-12,sample_data,1,1,0,0,0,0,0
2022,12,LAR,JAX,9.5,home,-9.5,46.5,5,18,home,2022-09-12,sample_data,0,1,0,0,0,0,0
2022,12,CLE,PHI,3.0,home,-3.0,36.5,26,29,home,2022-09-12,sample_data,0,1,0,0,0,0,0
2022,12,NO,LAC,2.0,home,-2.0,40.5,23,25,home,2022-09-12,sample_data,0,1,0,0,0,0,0
2022,13,SEA,HOU,2.0,away,2.0,45.5,21,33,home,2022-09-13,sample_data,0,1,0,0,0,0,0
2022,13,ARI,TB,3.5,home,-3.5,40.5,32,34,home,2022-09-13,sample_data,0,1,0,1,0,0,0
2022,13,MIA,NE,1.5,home,-1.5,35.0,11,17,home,2022-09-13,sample_data,0,1,1,1,0,0,0
2022,13,CHI,KC,8.5,home,-8.5,42.0,16,18,home,2022-09-13,sample_data,0,1,0,0,0,0,0
2022,13,SF,LAR,1.0,home,-1.0,48.5,14,18,home,2022-09-13,sample_data,0,1,1,1,0,0,0
2022,13,BUF,JAX,1.5,away,1.5,49.5,28,20,away,2022-09-13,sample_data,1,1,0,1,0,0,0
2022,13,BAL,MIN,3.0,home,-3.0,55.5,18,21,home,2022-09-13,sample_data,0,1,0,0,0,0,0
2022,13,CIN,LV,2.5,away,2.5,37.5,18,5,away,2022-09-13,sample_data,1,1,0,1,0,0,0
2022,13,ATL,PHI,2.0,home,-2.0,47.5,12,24,home,2022-09-13,sample_data,0,1,0,1,0,0,0
2022,13,DET,GB,5.5,home,-5.5,43.0,20,31,home,2022-09-13,sample_data,0,1,1,1,0,0,0
2022,13,DEN,NO,5.5,home,-5.5,39.0,15,19,home,2022-09-13,sample_data,0,1,0,0,0,0,0
2022,13,DAL,LAC,2.5,home,-2.5,53.0,21,33,home,2022-09-13,sample_data,0,1,0,0,0,0,0
2022,13,NYG,WAS,3.0,away,3.0,41.0,18,10,away,2022-09-13,sample_data,1,1,1,1,0,0,0
2022,13,CLE,TEN,3.5,home,-3.5,44.5,32,34,home,2022-09-13,sample_data,0,1,0,1,0,0,0
2022,13,NYJ,IND,3.0,home,-3.0,50.5,22,13,away,2022-09-13,sample_data,1,1,0,1,0,0,0
2022,13,CAR,PIT,2.0,home,-2.0,41.0,21,33,home,2022-09-13,sample_data,0,1,0,0,0,0,0
2022,14,WAS,TEN,4.5,home,-4.5,47.5,15,17,home,2022-09-14,sample_data,0,1,0,0,0,0,0
2022,14,ARI,CAR,8.5,home,-8.5,45.0,25,29,home,2022-09-14,sample_data,0,1,0,1,0,0,0
2022,14,TB,MIA,2.5,away,2.5,50.0,27,28,home,2022-09-14,sample_data,0,1,0,0,0,0,0
2022,14,SF,CLE,4.0,home,-4.0,50.0,23,25,home,2022-09-14,sample_data,0,1,0,0,0,0,0
2022,14,DET,PIT,6.0,home,-6.0,42.5,28,32,home,2022-09-14,sample_data,0,1,0,0,0,0,0
2022,14,MIN,NYJ,10.0,home,-10.0,47.5,13,25,home,2022-09-14,sample_data,0,1,0,0,0,0,0
2022,14,LAR,NYG,3.5,home,-3.5,38.5,28,26,away,2022-09-14,sample_data,1,1,0,1,0,0,0
2022,14,KC,BAL,4.5,home,-4.5,35.0,23,26,home,2022-09-14,sample_data,0,1,0,1,0,0,0
2022,14,GB,PHI,3.0,home,-3.0,51.0,21,17,away,2022-09-14,sample_data,1,1,0,1,0,0,0
2022,14,NE,DEN,6.0,home,-6.0,49.0,33,34,home,2022-09-14,sample_data,0,1,0,1,0,0,0
2022,14,LV,ATL,6.5,home,-6.5,44.0,29,31,home,2022-09-14,sample_data,0,1,0,0,0,0,0
2022,14,BUF,SEA,5.0,home,-5.0,51.5,28,25,away,2022-09-14,sample_data,1,1,0,0,0,0,0
2022,14,CIN,JAX,9.5,home,-9.5,40.5,25,32,home,2022-09-14,sample_data,0,1,0,1,0,0,0
2022,14,CHI,NO,2.5,away,2.5,53.0,21,16,away,2022-09-14,sample_data,1,1,0,1,0,0,0
2022,14,HOU,IND,0.0,pick,0.0,43.5,23,14,away,2022-09-14,sample_data,1,1,1,1,0,0,0
2022,15,ATL,TB,0.5,away,0.5,46.0,18,15,away,2022-09-15,sample_data,1,1,1,1,0,1,0
2022,15,MIA,SF,6.5,home,-6.5,41.5,31,20,away,2022-09-15,sample_data,1,1,0,0,0,1,0
2022,15,LAC,PIT,2.5,home,-2.5,50.5,14,26,home,2022-09-15,sample_data,0,1,0,1,0,1,0
2022,15,CLE,LV,7.5,home,-7.5,48.5,22,27,home,2022-09-15,sample_data,0,1,0,1,0,1,0
2022,15,TEN,IND,3.5,home,-3.5,35.0,28,20,away,2022-09-15,sample_data,1,1,1,1,0,1,0
2022,15,NO,DET,4.5,home,-4.5,43.0,9,18,home,2022-09-15,sample_data,0,1,0,1,0,1,0
2022,15,BUF,CAR,5.5,home,-5.5,45.0,13,19,home,2022-09-15,sample_data,0,1,0,0,0,1,0
2022,15,DEN,JAX,0.5,away,0.5,39.0,27,25,away,2022-09-15,sample_data,1,1,0,1,0,1,0
2022,15,HOU,KC,2.0,away,2.0,47.5,28,22,away,2022-09-15,sample_data,1,1,0,1,0,1,0
2022,15,LAR,NYG,0.5,away,0.5,48.0,17,10,away,2022-09-15,sample_data,1,1,0,1,0,1,0
2022,15,BAL,CIN,0.5,away,0.5,56.0,31,29,away,2022-09-15,sample_data,1,1,1,1,0,1,0
2022,15,ARI,PHI,2.5,home,-2.5,48.5,33,21,away,2022-09-15,sample_data,1,1,0,1,0,1,0
2022,15,DAL,WAS,3.0,home,-3.0,43.0,17,14,away,2022-09-15,sample_data,1,1,1,1,0,1,0
2022,15,GB,NE,10.5,home,-10.5,38.5,24,25,home,2022-09-15,sample_data,0,1,0,0,0,1,0
2022,15,SEA,MIN,6.5,home,-6.5,43.0,20,29,home,2022-09-15,sample_data,0,1,0,1,0,1,0
2022,15,NYJ,CHI,0.0,pick,0.0,50.0,29,18,away,2022-09-15,sample_data,1,1,0,0,0,1,0
2022,16,NE,NYJ,3.0,away,3.0,39.0,31,30,away,2022-09-16,sample_data,1,1,1,1,0,1,0
2022,16,WAS,KC,5.0,away,5.0,39.0,33,32,away,2022-09-16,sample_data,1,1,0,0,0,1,0
2022,16,TEN,MIN,3.0,home,-3.0,44.5,14,24,home,2022-09-16,sample_data,0,1,0,0,0,1,0
2022,16,CAR,JAX,9.5,home,-9.5,48.0,23,28,home,2022-09-16,sample_data,0,1,0,0,0,1,0
2022,16,ARI,LAR,8.5,home,-8.5,35.0,20,31,home,2022-09-16,sample_data,0,1,1,1,0,1,0
2022,16,DAL,SF,5.5,home,-5.5,43.0,31,27,away,2022-09-16,sample_data,1,1,0,1,0,1,0
2022,16,DEN,PHI,2.5,home,-2.5,48.0,15,20,home,2022-09-16,sample_data,0,1,0,0,0,1,0
2022,16,CLE,HOU,2.5,away,2.5,45.5,18,20,home,2022-09-16,sample_data,0,1,0,1,0,1,0
2022,16,MIA,TB,5.0,home,-5.0,44.0,27,20,away,2022-09-16,sample_data,1,1,0,0,0,1,0
2022,16,NYG,BUF,4.0,home,-4.0,55.5,13,26,home,2022-09-16,sample_data,0,1,0,0,0,1,0
2022,16,DET,LV,8.5,home,-8.5,44.0,19,29,home,2022-09-16,sample_data,0,1,0,0,0,1,0
2022,16,CHI,CIN,12.0,home,-12.0,52.5,18,26,home,2022-09-16,sample_data,0,1,0,0,0,1,0
2022,16,NO,GB,4.5,home,-4.5,53.5,18,20,home,2022-09-16,sample_data,0,1,0,1,0,1,0
2022,16,ATL,SEA,5.0,home,-5.0,50.5,25,26,home,2022-09-16,sample_data,0,1,0,1,0,1,0
2022,16,BAL,IND,1.5,away,1.5,43.0,26,28,home,2022-09-16,sample_data,0,1,0,1,0,1,0
2022,16,PIT,LAC,3.0,away,3.0,41.0,12,23,home,2022-09-16,sample_data,0,1,0,1,0,1,0
2022,17,WAS,DAL,0.0,pick,0.0,36.5,18,15,away,2022-09-17,sample_data,1,1,1,1,0,1,0
2022,17,IND,DET,8.0,home,-8.0,35.0,20,27,home,2022-09-17,sample_data,0,1,0,0,0,1,0
2022,17,KC,JAX,5.5,home,-5.5,41.5,12,22,home,2022-09-17,sample_data,0,1,0,1,0,1,0
2022,17,DEN,GB,4.0,home,-4.0,49.5,17,25,home,2022-09-17,sample_data,0,1,0,0,0,1,0
2022,17,LAR,NYG,4.0,away,4.0,37.0,29,28,away,2022-09-17,sample_data,1,1,0,1,0,1,0
2022,17,BAL,CLE,7.0,home,-7.0,45.5,22,24,home,2022-09-17,sample_data,0,1,1,1,0,1,0
2022,17,TB,CAR,2.0,away,2.0,49.0,22,20,away,2022-09-17,sample_data,1,1,1,1,0,1,0
2022,17,CIN,MIN,6.0,home,-6.0,40.5,15,20,home,2022-09-17,sample_data,0,1,0,0,0,1,0
2022,17,PHI,HOU,5.0,home,-5.0,39.0,22,32,home,2022-09-17,sample_data,0,1,0,0,0,1,0
2022,17,SEA,BUF,1.0,away,1.0,40.0,19,6,away,2022-09-17,sample_data,1,1,0,0,0,1,0
2022,17,ARI,TEN,1.0,home,-1.0,49.0,22,16,away,2022-09-17,sample_data,1,1,0,0,0,1,0
2022,17,NYJ,CHI,1.5,home,-1.5,45.5,18,5,away,2022-09-17,sample_data,1,1,0,0,0,1,0
2022,17,ATL,SF,0.5,away,0.5,36.5,24,25,home,2022-09-17,sample_data,0,1,0,1,0,1,0
2022,17,LV,PIT,4.5,away,4.5,57.5,19,13,away,2022-09-17,sample_data,1,1,0,1,0,1,0
2022,17,MIA,NE,3.0,home,-3.0,44.5,26,14,away,2022-09-17,sample_data,1,1,1,1,0,1,0
2022,17,NO,LAC,7.0,home,-7.0,48.0,20,25,home,2022-09-17,sample_data,0,1,0,0,0,1,0
2023,1,PIT,BUF,2.5,home,-2.5,48.5,16,27,home,2023-09-01,sample_data,0,1,0,1,1,0,0
2023,1,MIN,HOU,5.0,home,-5.0,50.5,10,18,home,2023-09-01,sample_data,0,1,0,0,1,0,0
2023,1,SEA,TB,4.5,home,-4.5,41.5,19,28,home,2023-09-01,sample_data,0,1,0,1,1,0,0
2023,1,BAL,LAR,5.5,home,-5.5,35.5,29,32,home,2023-09-01,sample_data,0,1,0,0,1,0,0
2023,1,NYJ,DET,3.0,home,-3.0,51.5,25,18,away,2023-09-01,sample_data,1,1,0,0,1,0,0
2023,1,NYG,NE,5.5,away,5.5,51.0,14,18,home,2023-09-01,sample_data,0,1,0,0,1,0,0
2023,1,PHI,KC,1.0,away,1.0,51.5,29,33,home,2023-09-01,sample_data,0,1,0,0,1,0,0
2023,1,MIA,SF,5.5,home,-5.5,40.5,22,26,home,2023-09-01,sample_data,0,1,0,0,1,0,0
2023,1,CHI,ATL,6.5,home,-6.5,38.5,20,29,home,2023-09-01,sample_data,0,1,0,1,1,0,0
2023,1,LV,ARI,2.0,away,2.0,41.5,17,25,home,2023-09-01,sample_data,0,1,0,0,1,0,0
2023,1,IND,DAL,1.5,away,1.5,50.0,26,19,away,2023-09-01,sample_data,1,1,0,0,1,0,0
2023,1,DEN,WAS,6.0,home,-6.0,46.0,28,26,away,2023-09-01,sample_data,1,1,0,0,1,0,0
2023,1,CLE,GB,0.5,away,0.5,52.0,19,18,away,2023-09-01,sample_data,1,1,0,0,1,0,0
2023,1,TEN,CAR,5.0,home,-5.0,44.0,21,11,away,2023-09-01,sample_data,1,1,0,0,1,0,0
2023,1,LAC,JAX,1.0,away,1.0,43.5,22,23,home,2023-09-01,sample_data,0,1,0,1,1,0,0
2023,1,CIN,NO,2.5,home,-2.5,35.0,23,10,away,2023-09-01,sample_data,1,1,0,0,1,0,0
2023,2,TB,JAX,2.5,home,-2.5,45.5,18,8,away,2023-09-02,sample_data,1,1,0,0,1,0,0
2023,2,HOU,BAL,5.5,home,-5.5,51.5,28,16,away,2023-09-02,sample_data,1,1,0,1,1,0,0
2023,2,CLE,ATL,2.5,home,-2.5,40.0,16,17,home,2023-09-02,sample_data,0,1,0,0,1,0,0
2023,2,SF,NYJ,1.0,home,-1.0,35.5,25,22,away,2023-09-02,sample_data,1,1,0,0,1,0,0
2023,2,NE,DEN,2.0,home,-2.0,36.0,20,28,home,2023-09-02,sample_data,0,1,0,1,1,0,0
2023,2,NO,TEN,2.0,home,-2.0,47.0,21,25,home,2023-09-02,sample_data,0,1,0,0,1,0,0
2023,2,CHI,LAR,2.5,home,-2.5,35.0,22,33,home,2023-09-02,sample_data,0,1,0,1,1,0,0
2023,2,MIA,LV,3.0,home,-3.0,59.5,20,21,home,2023-09-02,sample_data,0,1,0,1,1,0,0
2023,2,DET,DAL,8.0,home,-8.0,35.0,13,20,home,2023-09-02,sample_data,0,1,0,1,1,0,0
2023,2,SEA,NYG,1.0,home,-1.0,49.0,21,17,away,2023-09-02,sample_data,1,1,0,1,1,0,0
2023,2,PHI,ARI,3.5,home,-3.5,47.5,9,22,home,2023-09-02,sample_data,0,1,0,1,1,0,0
2023,2,IND,CIN,1.5,home,-1.5,49.5,16,19,home,2023-09-02,sample_data,0,1,0,1,1,0,0
2023,2,LAC,WAS,1.0,home,-1.0,43.5,23,24,home,2023-09-02,sample_data,0,1,0,0,1,0,0
2023,2,BUF,KC,8.0,home,-8.0,49.5,23,26,home,2023-09-02,sample_data,0,1,0,1,1,0,0
2023,2,GB,PIT,0.0,pick,0.0,44.5,5,17,home,2023-09-02,sample_data,0,1,0,0,1,0,0
2023,2,CAR,MIN,7.0,home,-7.0,45.5,22,25,home,2023-09-02,sample_data,0,1,0,1,1,0,0
2023,3,LV,TB,5.5,home,-5.5,43.0,27,26,away,2023-09-03,sample_data,1,1,0,0,1,0,0
2023,3,NYJ,DEN,5.0,home,-5.0,40.0,28,30,home,2023-09-03,sample_data,0,1,0,1,1,0,0
2023,3,HOU,SEA,2.5,away,2.5,44.5,17,24,home,2023-09-03,sample_data,0,1,0,0,1,0,0
2023,3,CHI,TEN,1.5,away,1.5,51.0,30,24,away,2023-09-03,sample_data,1,1,0,0,1,0,0
2023,3,CIN,ATL,4.5,home,-4.5,43.5,5,17,home,2023-09-03,sample_data,0,1,0,0,1,0,0
2023,3,GB,CLE,7.0,home,-7.0,47.0,29,32,home,2023-09-03,sample_data,0,1,0,0,1,0,0
2023,3,SF,NE,5.5,home,-5.5,35.0,25,20,away,2023-09-03,sample_data,1,1,0,0,1,0,0
2023,3,MIN,PIT,2.0,home,-2.0,49.0,19,7,away,2023-09-03,sample_data,1,1,0,0,1,0,0
2023,3,NYG,DAL,5.5,home,-5.5,51.0,25,34,home,2023-09-03,sample_data,0,1,1,1,1,0,0
2023,3,CAR,BAL,7.0,home,-7.0,42.5,30,22,away,2023-09-03,sample_data,1,1,0,0,1,0,0
2023,3,JAX,WAS,1.0,away,1.0,36.5,25,33,home,2023-09-03,sample_data,0,1,0,0,1,0,0
2023,3,LAR,LAC,6.5,home,-6.5,51.0,19,26,home,2023-09-03,sample_data,0,1,0,0,1,0,0
2023,3,BUF,MIA,0.5,away,0.5,40.0,7,20,home,2023-09-03,sample_data,0,1,1,1,1,0,0
2023,3,NO,PHI,0.5,home,-0.5,43.5,31,19,away,2023-09-03,sample_data,1,1,0,1,1,0,0
2023,3,IND,KC,9.5,home,-9.5,37.5,29,33,home,2023-09-03,sample_data,0,1,0,1,1,0,0
2023,3,DET,ARI,4.0,away,4.0,47.0,28,16,away,2023-09-03,sample_data,1,1,0,1,1,0,0
2023,4,KC,LAR,3.0,home,-3.0,45.0,20,24,home,2023-09-04,sample_data,0,1,0,0,1,0,0
2023,4,PHI,ARI,3.0,away,3.0,35.0,21,11,away,2023-09-04,sample_data,1,1,0,1,1,0,0
2023,4,GB,JAX,9.0,home,-9.0,42.5,23,32,home,2023-09-04,sample_data,0,1,0,0,1,0,0
2023,4,CLE,CHI,2.5,away,2.5,50.0,23,18,away,2023-09-04,sample_data,1,1,0,0,1,0,0
2023,4,LAC,DEN,9.0,home,-9.0,40.0,18,30,home,2023-09-04,sample_data,0,1,1,1,1,0,0
2023,4,ATL,LV,3.5,home,-3.5,49.0,27,32,home,2023-09-04,sample_data,0,1,0,0,1,0,0
2023,4,BAL,HOU,1.5,home,-1.5,35.0,21,17,away,2023-09-04,sample_data,1,1,0,1,1,0,0
2023,4,WAS,PIT,1.0,home,-1.0,41.5,17,9,away,2023-09-04,sample_data,1,1,0,0,1,0,0
2023,4,SF,TEN,4.0,home,-4.0,45.5,26,28,home,2023-09-04,sample_data,0,1,0,0,1,0,0
2023,4,IND,CAR,2.0,away,2.0,45.5,27,22,away,2023-09-04,sample_data,1,1,0,0,1,0,0
2023,4,SEA,TB,5.5,home,-5.5,37.5,26,28,home,2023-09-04,sample_data,0,1,0,1,1,0,0
2023,4,CIN,NYJ,3.5,home,-3.5,42.0,11,24,home,2023-09-04,sample_data,0,1,0,1,1,0,0
2023,4,NE,NYG,5.5,home,-5.5,46.5,11,20,home,2023-09-04,sample_data,0,1,0,0,1,0,0
2023,4,MIN,BUF,0.5,away,0.5,50.0,17,25,home,2023-09-04,sample_data,0,1,0,0,1,0,0
2023,4,NO,DET,3.5,away,3.5,40.5,21,9,away,2023-09-04,sample_data,1,1,0,1,1,0,0
2023,5,JAX,CAR,10.0,home,-10.0,42.0,24,25,home,2023-09-05,sample_data,0,1,0,0,0,0,0
2023,5,DET,KC,15.5,home,-15.5,35.0,8,20,home,2023-09-05,sample_data,0,1,0,0,0,0,0
2023,5,WAS,NE,3.5,home,-3.5,44.0,26,31,home,2023-09-05,sample_data,0,1,0,0,0,0,0
2023,5,DEN,SF,0.5,away,0.5,36.0,32,23,away,2023-09-05,sample_data,1,1,0,0,0,0,0
2023,5,TB,LV,10.5,home,-10.5,47.0,25,15,away,2023-09-05,sample_data,1,1,0,0,0,0,0
2023,5,DAL,HOU,3.0,home,-3.0,43.0,23,25,home,2023-09-05,sample_data,0,1,0,0,0,0,0
2023,5,NYG,BUF,2.5,away,2.5,45.0,29,28,away,2023-09-05,sample_data,1,1,0,0,0,0,0
2023,5,NYJ,CHI,4.5,home,-4.5,45.5,22,28,home,2023-09-05,sample_data,0,1,0,0,0,0,0
2023,5,SEA,MIA,0.5,away,0.5,49.5,6,19,home,2023-09-05,sample_data,0,1,0,0,0,0,0
2023,5,BAL,CLE,1.5,home,-1.5,46.5,29,17,away,2023-09-05,sample_data,1,1,1,1,0,0,0
2023,5,NO,PIT,1.5,home,-1.5,47.0,11,17,home,2023-09-05,sample_data,0,1,0,0,0,0,0
2023,5,PHI,ARI,2.5,home,-2.5,45.0,26,32,home,2023-09-05,sample_data,0,1,0,1,0,0,0
2023,5,TEN,LAR,6.5,home,-6.5,38.0,22,31,home,2023-09-05,sample_data,0,1,0,0,0,0,0
2023,5,IND,LAC,1.5,away,1.5,53.0,26,18,away,2023-09-05,sample_data,1,1,0,1,0,0,0
2023,5,GB,CIN,1.5,away,1.5,43.0,10,20,home,2023-09-05,sample_data,0,1,0,0,0,0,0
2023,6,JAX,NYG,0.5,away,0.5,39.5,24,33,home,2023-09-06,sample_data,0,1,0,0,0,0,0
2023,6,ATL,DAL,5.5,home,-5.5,41.0,26,29,home,2023-09-06,sample_data,0,1,0,1,0,0,0
2023,6,BUF,WAS,9.5,home,-9.5,48.5,24,29,home,2023-09-06,sample_data,0,1,0,0,0,0,0
2023,6,SEA,LAC,2.5,home,-2.5,43.0,31,30,away,2023-09-06,sample_data,1,1,0,0,0,0,0
2023,6,TB,NYJ,1.0,home,-1.0,51.5,17,15,away,2023-09-06,sample_data,1,1,0,0,0,0,0
2023,6,TEN,IND,4.0,home,-4.0,56.0,19,14,away,2023-09-06,sample_data,1,1,1,1,0,0,0
2023,6,PIT,MIA,6.5,home,-6.5,40.5,24,25,home,2023-09-06,sample_data,0,1,0,1,0,0,0
2023,6,NO,NE,4.5,home,-4.5,47.5,25,33,home,2023-09-06,sample_data,0,1,0,0,0,0,0
2023,6,ARI,DET,6.5,home,-6.5,46.5,8,19,home,2023-09-06,sample_data,0,1,0,1,0,0,0
2023,6,SF,PHI,6.0,home,-6.0,41.0,33,26,away,2023-09-06,sample_data,1,1,0,1,0,0,0
2023,6,HOU,LAR,9.0,home,-9.0,38.5,12,18,home,2023-09-06,sample_data,0,1,0,0,0,0,0
2023,6,CAR,KC,10.0,home,-10.0,52.0,14,18,home,2023-09-06,sample_data,0,1,0,0,0,0,0
2023,6,CHI,LV,9.0,home,-9.0,43.0,28,33,home,2023-09-06,sample_data,0,1,0,0,0,0,0
2023,6,BAL,CIN,2.5,home,-2.5,53.0,33,21,away,2023-09-06,sample_data,1,1,1,1,0,0,0
2023,6,GB,MIN,6.5,home,-6.5,47.0,22,31,home,2023-09-06,sample_data,0,1,1,1,0,0,0
2023,7,WAS,DEN,11.0,home,-11.0,38.0,24,32,home,2023-09-07,sample_data,0,1,0,0,0,0,0
2023,7,DET,CHI,0.5,away,0.5,50.5,34,21,away,2023-09-07,sample_data,1,1,1,1,0,0,0
2023,7,TEN,LV,0.5,home,-0.5,39.5,21,22,home,2023-09-07,sample_data,0,1,0,1,0,0,0
2023,7,DAL,NO,3.0,home,-3.0,37.0,22,31,home,2023-09-07,sample_data,0,1,0,1,0,0,0
2023,7,NYJ,PIT,2.5,home,-2.5,56.5,19,32,home,2023-09-07,sample_data,0,1,0,1,0,0,0
2023,7,GB,NE,0.0,pick,0.0,44.5,30,20,away,2023-09-07,sample_data,1,1,0,0,0,0,0
2023,7,JAX,BUF,4.0,home,-4.0,54.0,19,30,home,2023-09-07,sample_data,0,1,0,1,0,0,0
2023,7,NYG,LAR,0.5,away,0.5,44.5,29,27,away,2023-09-07,sample_data,1,1,0,1,0,0,0
2023,7,CAR,PHI,9.5,home,-9.5,35.0,9,21,home,2023-09-07,sample_data,0,1,0,1,0,0,0
2023,7,MIA,TB,2.0,away,2.0,54.5,29,27,away,2023-09-07,sample_data,1,1,0,0,0,0,0
2023,7,SEA,ATL,4.0,home,-4.0,39.5,16,24,home,2023-09-07,sample_data,0,1,0,1,0,0,0
2023,7,MIN,KC,1.0,home,-1.0,39.0,18,7,away,2023-09-07,sample_data,1,1,0,0,0,0,0
2023,7,SF,CLE,4.0,away,4.0,48.0,16,22,home,2023-09-07,sample_data,0,1,0,0,0,0,0
2023,7,ARI,LAC,0.5,home,-0.5,41.0,18,25,home,2023-09-07,sample_data,0,1,0,0,0,0,0
2023,7,HOU,IND,3.0,home,-3.0,50.0,31,25,away,2023-09-07,sample_data,1,1,1,1,0,0,0
2023,7,CIN,BAL,4.5,home,-4.5,49.5,19,27,home,2023-09-07,sample_data,0,1,1,1,0,0,0
2023,8,KC,NYG,8.0,home,-8.0,44.0,17,20,home,2023-09-08,sample_data,0,1,0,0,0,0,0
2023,8,BAL,MIN,0.0,pick,0.0,55.5,22,17,away,2023-09-08,sample_data,1,1,0,0,0,0,0
2023,8,PHI,TB,6.0,home,-6.0,44.5,18,19,home,2023-09-08,sample_data,0,1,0,1,0,0,0
2023,8,LAC,PIT,6.5,away,6.5,56.5,24,22,away,2023-09-08,sample_data,1,1,0,1,0,0,0
2023,8,CAR,SEA,14.0,home,-14.0,41.0,28,33,home,2023-09-08,sample_data,0,1,0,1,0,0,0
2023,8,CLE,NYJ,0.5,home,-0.5,45.0,24,13,away,2023-09-08,sample_data,1,1,0,1,0,0,0
2023,8,CHI,GB,0.5,home,-0.5,48.0,16,21,home,2023-09-08,sample_data,0,1,1,1,0,0,0
2023,8,TEN,NO,2.0,away,2.0,43.0,34,26,away,2023-09-08,sample_data,1,1,0,0,0,0,0
2023,8,DAL,ATL,10.5,home,-10.5,42.0,21,22,home,2023-09-08,sample_data,0,1,0,1,0,0,0
2023,8,ARI,SF,9.5,home,-9.5,46.5,25,30,home,2023-09-08,sample_data,0,1,1,1,0,0,0
2023,8,BUF,JAX,3.5,home,-3.5,49.0,19,22,home,2023-09-08,sample_data,0,1,0,1,0,0,0
2023,8,MIA,DEN,6.0,home,-6.0,46.5,12,23,home,2023-09-08,sample_data,0,1,0,1,0,0,0
2023,8,DET,CIN,0.5,home,-0.5,47.0,10,21,home,2023-09-08,sample_data,0,1,0,0,0,0,0
2023,8,NE,HOU,5.5,home,-5.5,42.5,31,27,away,2023-09-08,sample_data,1,1,0,1,0,0,0
2023,8,IND,LAR,12.5,home,-12.5,39.0,19,24,home,2023-09-08,sample_data,0,1,0,0,0,0,0
2023,8,LV,WAS,1.0,away,1.0,52.5,21,17,away,2023-09-08,sample_data,1,1,0,0,0,0,0
2023,9,ARI,BAL,2.5,away,2.5,53.5,30,19,away,2023-09-09,sample_data,1,1,0,0,0,0,0
2023,9,KC,CIN,1.5,away,1.5,59.0,15,27,home,2023-09-09,sample_data,0,1,0,1,0,0,0
2023,9,HOU,LV,7.5,home,-7.5,48.5,19,25,home,2023-09-09,sample_data,0,1,0,1,0,0,0
2023,9,PIT,NE,0.5,home,-0.5,42.0,17,11,away,2023-09-09,sample_data,1,1,0,1,0,0,0
2023,9,NO,NYG,12.5,home,-12.5,47.5,20,25,home,2023-09-09,sample_data,0,1,0,1,0,0,0
2023,9,NYJ,MIA,1.5,home,-1.5,49.5,18,11,away,2023-09-09,sample_data,1,1,1,1,0,0,0
2023,9,GB,BUF,6.0,home,-6.0,39.5,16,27,home,2023-09-09,sample_data,0,1,0,0,0,0,0
2023,9,ATL,CAR,1.5,home,-1.5,44.5,16,17,home,2023-09-09,sample_data,0,1,1,1,0,0,0
2023,9,SEA,CLE,1.0,away,1.0,50.0,29,34,home,2023-09-09,sample_data,0,1,0,0,0,0,0
2023,9,DAL,LAR,3.0,home,-3.0,58.0,24,23,away,2023-09-09,sample_data,1,1,0,1,0,0,0
2023,9,DET,MIN,2.5,away,2.5,38.0,33,20,away,2023-09-09,sample_data,1,1,1,1,0,0,0
2023,9,PHI,WAS,2.0,home,-2.0,35.0,34,32,away,2023-09-09,sample_data,1,1,1,1,0,0,0
2023,9,JAX,IND,3.0,away,3.0,61.5,20,19,away,2023-09-09,sample_data,1,1,1,1,0,0,0
2023,9,TEN,TB,1.5,home,-1.5,39.5,18,6,away,2023-09-09,sample_data,1,1,0,0,0,0,0
2023,9,LAC,CHI,8.5,home,-8.5,35.0,18,24,home,2023-09-09,sample_data,0,1,0,0,0,0,0
2023,10,SEA,BAL,4.0,away,4.0,45.5,19,11,away,2023-09-10,sample_data,1,1,0,0,0,0,0
2023,10,CLE,IND,6.5,home,-6.5,47.0,16,20,home,2023-09-10,sample_data,0,1,0,1,0,0,0
2023,10,LAR,MIA,4.5,home,-4.5,48.0,22,23,home,2023-09-10,sample_data,0,1,0,0,0,0,0
2023,10,PHI,MIN,4.0,home,-4.0,37.0,17,18,home,2023-09-10,sample_data,0,1,0,1,0,0,0
2023,10,NYG,NO,6.5,home,-6.5,40.5,24,28,home,2023-09-10,sample_data,0,1,0,1,0,0,0
2023,10,JAX,GB,3.5,away,3.5,55.0,18,13,away,2023-09-10,sample_data,1,1,0,0,0,0,0
2023,10,CHI,CAR,2.5,home,-2.5,41.0,30,23,away,2023-09-10,sample_data,1,1,0,1,0,0,0
2023,10,LAC,DAL,2.0,home,-2.0,52.5,21,30,home,2023-09-10,sample_data,0,1,0,0,0,0,0
2023,10,CIN,BUF,7.0,home,-7.0,41.0,10,20,home,2023-09-10,sample_data,0,1,0,1,0,0,0
2023,10,HOU,WAS,2.5,away,2.5,45.0,21,27,home,2023-09-10,sample_data,0,1,0,0,0,0,0
2023,10,NE,DEN,3.5,home,-3.5,56.5,26,20,away,2023-09-10,sample_data,1,1,0,1,0,0,0
2023,10,ARI,DET,4.5,home,-4.5,50.5,13,23,home,2023-09-10,sample_data,0,1,0,1,0,0,0
2023,10,NYJ,PIT,6.0,home,-6.0,47.0,26,27,home,2023-09-10,sample_data,0,1,0,1,0,0,0
2023,10,LV,SF,1.5,home,-1.5,40.0,19,27,home,2023-09-10,sample_data,0,1,0,0,0,0,0
2023,10,KC,TEN,3.0,home,-3.0,49.0,31,23,away,2023-09-10,sample_data,1,1,0,1,0,0,0
2023,10,ATL,TB,4.5,home,-4.5,45.5,16,20,home,2023-09-10,sample_data,0,1,1,1,0,0,0
2023,11,CIN,KC,2.0,home,-2.0,46.5,16,25,home,2023-09-11,sample_data,0,1,0,1,0,0,0
2023,11,DET,PHI,2.0,away,2.0,35.0,24,14,away,2023-09-11,sample_data,1,1,0,1,0,0,0
2023,11,ARI,DAL,2.0,home,-2.0,42.5,33,20,away,2023-09-11,sample_data,1,1,0,1,0,0,0
2023,11,JAX,HOU,5.0,home,-5.0,50.5,20,28,home,2023-09-11,sample_data,0,1,1,1,0,0,0
2023,11,CLE,LAR,8.5,home,-8.5,49.5,15,24,home,2023-09-11,sample_data,0,1,0,0,0,0,0
2023,11,CAR,PIT,4.5,home,-4.5,49.0,12,25,home,2023-09-11,sample_data,0,1,0,0,0,0,0
2023,11,ATL,DEN,3.0,home,-3.0,37.0,26,31,home,2023-09-11,sample_data,0,1,0,0,0,0,0
2023,11,BAL,IND,1.5,home,-1.5,48.0,30,34,home,2023-09-11,sample_data,0,1,0,1,0,0,0
2023,11,LV,SEA,6.0,home,-6.0,36.0,15,18,home,2023-09-11,sample_data,0,1,0,0,0,0,0
2023,11,TB,MIA,1.0,away,1.0,52.0,28,21,away,2023-09-11,sample_data,1,1,0,0,0,0,0
2023,11,BUF,CHI,4.5,away,4.5,40.5,32,19,away,2023-09-11,sample_data,1,1,0,0,0,0,0
2023,11,NO,SF,2.0,away,2.0,48.0,24,26,home,2023-09-11,sample_data,0,1,0,1,0,0,0
2023,11,WAS,NYG,3.5,home,-3.5,52.0,19,28,home,2023-09-11,sample_data,0,1,1,1,0,0,0
2023,11,GB,MIN,4.0,away,4.0,48.0,23,19,away,2023-09-11,sample_data,1,1,1,1,0,0,0
2023,11,NE,TEN,5.5,home,-5.5,42.5,18,20,home,2023-09-11,sample_data,0,1,0,1,0,0,0
2023,11,LAC,NYJ,5.5,away,5.5,37.5,28,17,away,2023-09-11,sample_data,1,1,0,1,0,0,0
2023,12,BAL,ARI,0.5,away,0.5,58.5,9,20,home,2023-09-12,sample_data,0,1,0,0,0,0,0
2023,12,PIT,TEN,7.0,home,-7.0,42.5,19,29,home,2023-09-12,sample_data,0,1,0,1,0,0,0
2023,12,IND,CIN,0.5,home,-0.5,47.5,33,24,away,2023-09-12,sample_data,1,1,0,1,0,0,0
2023,12,LV,NYG,1.5,home,-1.5,37.5,33,25,away,2023-09-12,sample_data,1,1,0,0,0,0,0
2023,12,GB,TB,6.5,home,-6.5,53.0,15,20,home,2023-09-12,sample_data,0,1,0,1,0,0,0
2023,12,WAS,CHI,1.0,home,-1.0,42.0,18,6,away,2023-09-12,sample_data,1,1,0,1,0,0,0
2023,12,DAL,BUF,2.0,home,-2.0,45.5,25,31,home,2023-09-12,sample_data,0,1,0,0,0,0,0
2023,12,ATL,MIN,6.5,home,-6.5,39.0,17,22,home,2023-09-12,sample_data,0,1,0,1,0,0,0
2023,12,NYJ,CAR,1.0,away,1.0,35.0,19,11,away,2023-09-12,sample_data,1,1,0,0,0,0,0
2023,12,NE,SEA,4.5,home,-4.5,56.5,17,11,away,2023-09-12,sample_data,1,1,0,0,0,0,0
2023,12,MIA,SF,4.0,home,-4.0,40.5,18,29,home,2023-09-12,sample_data,0,1,0,0,0,0,0
2023,12,HOU,KC,3.5,home,-3.5,40.5,10,21,home,2023-09-12,sample_data,0,1,0,1,0,0,0
2023,12,DEN,DET,5.0,home,-5.0,41.0,34,30,away,2023-09-12,sample_data,1,1,0,0,0,0,0
2023,12,LAR,JAX,9.5,home,-9.5,46.5,5,18,home,2023-09-12,sample_data,0,1,0,0,0,0,0
2023,12,CLE,PHI,3.0,home,-3.0,36.5,26,29,home,2023-09-12,sample_data,0,1,0,0,0,0,0
2023,12,NO,LAC,2.0,home,-2.0,40.5,23,25,home,2023-09-12,sample_data,0,1,0,0,0,0,0
2023,13,SEA,HOU,2.0,away,2.0,45.5,21,33,home,2023-09-13,sample_data,0,1,0,0,0,0,0
2023,13,ARI,TB,3.5,home,-3.5,40.5,32,34,home,2023-09-13,sample_data,0,1,0,1,0,0,0
2023,13,MIA,NE,1.5,home,-1.5,35.0,11,17,home,2023-09-13,sample_data,0,1,1,1,0,0,0
2023,13,CHI,KC,8.5,home,-8.5,42.0,16,18,home,2023-09-13,sample_data,0,1,0,0,0,0,0
2023,13,SF,LAR,1.0,home,-1.0,48.5,14,18,home,2023-09-13,sample_data,0,1,1,1,0,0,0
2023,13,BUF,JAX,1.5,away,1.5,49.5,28,20,away,2023-09-13,sample_data,1,1,0,1,0,0,0
2023,13,BAL,MIN,3.0,home,-3.0,55.5,18,21,home,2023-09-13,sample_data,0,1,0,0,0,0,0
2023,13,CIN,LV,2.5,away,2.5,37.5,18,5,away,2023-09-13,sample_data,1,1,0,1,0,0,0
2023,13,ATL,PHI,2.0,home,-2.0,47.5,12,24,home,2023-09-13,sample_data,0,1,0,1,0,0,0
2023,13,DET,GB,5.5,home,-5.5,43.0,20,31,home,2023-09-13,sample_data,0,1,1,1,0,0,0
2023,13,DEN,NO,5.5,home,-5.5,39.0,15,19,home,2023-09-13,sample_data,0,1,0,0,0,0,0
2023,13,DAL,LAC,2.5,home,-2.5,53.0,21,33,home,2023-09-13,sample_data,0,1,0,0,0,0,0
2023,13,NYG,WAS,3.0,away,3.0,41.0,18,10,away,2023-09-13,sample_data,1,1,1,1,0,0,0
2023,13,CLE,TEN,3.5,home,-3.5,44.5,32,34,home,2023-09-13,sample_data,0,1,0,1,0,0,0
2023,13,NYJ,IND,3.0,home,-3.0,50.5,22,13,away,2023-09-13,sample_data,1,1,0,1,0,0,0
2023,13,CAR,PIT,2.0,home,-2.0,41.0,21,33,home,2023-09-13,sample_data,0,1,0,0,0,0,0
2023,14,WAS,TEN,4.5,home,-4.5,47.5,15,17,home,2023-09-14,sample_data,0,1,0,0,0,0,0
2023,14,ARI,CAR,8.5,home,-8.5,45.0,25,29,home,2023-09-14,sample_data,0,1,0,1,0,0,0
2023,14,TB,MIA,2.5,away,2.5,50.0,27,28,home,2023-09-14,sample_data,0,1,0,0,0,0,0
2023,14,SF,CLE,4.0,home,-4.0,50.0,23,25,home,2023-09-14,sample_data,0,1,0,0,0,0,0
2023,14,DET,PIT,6.0,home,-6.0,42.5,28,32,home,2023-09-14,sample_data,0,1,0,0,0,0,0
2023,14,MIN,NYJ,10.0,home,-10.0,47.5,13,25,home,2023-09-14,sample_data,0,1,0,0,0,0,0
2023,14,LAR,NYG,3.5,home,-3.5,38.5,28,26,away,2023-09-14,sample_data,1,1,0,1,0,0,0
2023,14,KC,BAL,4.5,home,-4.5,35.0,23,26,home,2023-09-14,sample_data,0,1,0,1,0,0,0
2023,14,GB,PHI,3.0,home,-3.0,51.0,21,17,away,2023-09-14,sample_data,1,1,0,1,0,0,0
2023,14,NE,DEN,6.0,home,-6.0,49.0,33,34,home,2023-09-14,sample_data,0,1,0,1,0,0,0
2023,14,LV,ATL,6.5,home,-6.5,44.0,29,31,home,2023-09-14,sample_data,0,1,0,0,0,0,0
2023,14,BUF,SEA,5.0,home,-5.0,51.5,28,25,away,2023-09-14,sample_data,1,1,0,0,0,0,0
2023,14,CIN,JAX,9.5,home,-9.5,40.5,25,32,home,2023-09-14,sample_data,0,1,0,1,0,0,0
2023,14,CHI,NO,2.5,away,2.5,53.0,21,16,away,2023-09-14,sample_data,1,1,0,1,0,0,0
2023,14,HOU,IND,0.0,pick,0.0,43.5,23,14,away,2023-09-14,sample_data,1,1,1,1,0,0,0
2023,15,ATL,TB,0.5,away,0.5,46.0,18,15,away,2023-09-15,sample_data,1,1,1,1,0,1,0
2023,15,MIA,SF,6.5,home,-6.5,41.5,31,20,away,2023-09-15,sample_data,1,1,0,0,0,1,0
2023,15,LAC,PIT,2.5,home,-2.5,50.5,14,26,home,2023-09-15,sample_data,0,1,0,1,0,1,0
2023,15,CLE,LV,7.5,home,-7.5,48.5,22,27,home,2023-09-15,sample_data,0,1,0,1,0,1,0
2023,15,TEN,IND,3.5,home,-3.5,35.0,28,20,away,2023-09-15,sample_data,1,1,1,1,0,1,0
2023,15,NO,DET,4.5,home,-4.5,43.0,9,18,home,2023-09-15,sample_data,0,1,0,1,0,1,0
2023,15,BUF,CAR,5.5,home,-5.5,45.0,13,19,home,2023-09-15,sample_data,0,1,0,0,0,1,0
2023,15,DEN,JAX,0.5,away,0.5,39.0,27,25,away,2023-09-15,sample_data,1,1,0,1,0,1,0
2023,15,HOU,KC,2.0,away,2.0,47.5,28,22,away,2023-09-15,sample_data,1,1,0,1,0,1,0
2023,15,LAR,NYG,0.5,away,0.5,48.0,17,10,away,2023-09-15,sample_data,1,1,0,1,0,1,0
2023,15,BAL,CIN,0.5,away,0.5,56.0,31,29,away,2023-09-15,sample_data,1,1,1,1,0,1,0
2023,15,ARI,PHI,2.5,home,-2.5,48.5,33,21,away,2023-09-15,sample_data,1,1,0,1,0,1,0
2023,15,DAL,WAS,3.0,home,-3.0,43.0,17,14,away,2023-09-15,sample_data,1,1,1,1,0,1,0
2023,15,GB,NE,10.5,home,-10.5,38.5,24,25,home,2023-09-15,sample_data,0,1,0,0,0,1,0
2023,15,SEA,MIN,6.5,home,-6.5,43.0,20,29,home,2023-09-15,sample_data,0,1,0,1,0,1,0
2023,15,NYJ,CHI,0.0,pick,0.0,50.0,29,18,away,2023-09-15,sample_data,1,1,0,0,0,1,0
2023,16,NE,NYJ,3.0,away,3.0,39.0,31,30,away,2023-09-16,sample_data,1,1,1,1,0,1,0
2023,16,WAS,KC,5.0,away,5.0,39.0,33,32,away,2023-09-16,sample_data,1,1,0,0,0,1,0
2023,16,TEN,MIN,3.0,home,-3.0,44.5,14,24,home,2023-09-16,sample_data,0,1,0,0,0,1,0
2023,16,CAR,JAX,9.5,home,-9.5,48.0,23,28,home,2023-09-16,sample_data,0,1,0,0,0,1,0
2023,16,ARI,LAR,8.5,home,-8.5,35.0,20,31,home,2023-09-16,sample_data,0,1,1,1,0,1,0
2023,16,DAL,SF,5.5,home,-5.5,43.0,31,27,away,2023-09-16,sample_data,1,1,0,1,0,1,0
2023,16,DEN,PHI,2.5,home,-2.5,48.0,15,20,home,2023-09-16,sample_data,0,1,0,0,0,1,0
2023,16,CLE,HOU,2.5,away,2.5,45.5,18,20,home,2023-09-16,sample_data,0,1,0,1,0,1,0
2023,16,MIA,TB,5.0,home,-5.0,44.0,27,20,away,2023-09-16,sample_data,1,1,0,0,0,1,0
2023,16,NYG,BUF,4.0,home,-4.0,55.5,13,26,home,2023-09-16,sample_data,0,1,0,0,0,1,0
2023,16,DET,LV,8.5,home,-8.5,44.0,19,29,home,2023-09-16,sample_data,0,1,0,0,0,1,0
2023,16,CHI,CIN,12.0,home,-12.0,52.5,18,26,home,2023-09-16,sample_data,0,1,0,0,0,1,0
2023,16,NO,GB,4.5,home,-4.5,53.5,18,20,home,2023-09-16,sample_data,0,1,0,1,0,1,0
2023,16,ATL,SEA,5.0,home,-5.0,50.5,25,26,home,2023-09-16,sample_data,0,1,0,1,0,1,0
2023,16,BAL,IND,1.5,away,1.5,43.0,26,28,home,2023-09-16,sample_data,0,1,0,1,0,1,0
2023,16,PIT,LAC,3.0,away,3.0,41.0,12,23,home,2023-09-16,sample_data,0,1,0,1,0,1,0
2023,17,WAS,DAL,0.0,pick,0.0,36.5,18,15,away,2023-09-17,sample_data,1,1,1,1,0,1,0
2023,17,IND,DET,8.0,home,-8.0,35.0,20,27,home,2023-09-17,sample_data,0,1,0,0,0,1,0
2023,17,KC,JAX,5.5,home,-5.5,41.5,12,22,home,2023-09-17,sample_data,0,1,0,1,0,1,0
2023,17,DEN,GB,4.0,home,-4.0,49.5,17,25,home,2023-09-17,sample_data,0,1,0,0,0,1,0
2023,17,LAR,NYG,4.0,away,4.0,37.0,29,28,away,2023-09-17,sample_data,1,1,0,1,0,1,0
2023,17,BAL,CLE,7.0,home,-7.0,45.5,22,24,home,2023-09-17,sample_data,0,1,1,1,0,1,0
2023,17,TB,CAR,2.0,away,2.0,49.0,22,20,away,2023-09-17,sample_data,1,1,1,1,0,1,0
2023,17,CIN,MIN,6.0,home,-6.0,40.5,15,20,home,2023-09-17,sample_data,0,1,0,0,0,1,0
2023,17,PHI,HOU,5.0,home,-5.0,39.0,22,32,home,2023-09-17,sample_data,0,1,0,0,0,1,0
2023,17,SEA,BUF,1.0,away,1.0,40.0,19,6,away,2023-09-17,sample_data,1,1,0,0,0,1,0
2023,17,ARI,TEN,1.0,home,-1.0,49.0,22,16,away,2023-09-17,sample_data,1,1,0,0,0,1,0
2023,17,NYJ,CHI,1.5,home,-1.5,45.5,18,5,away,2023-09-17,sample_data,1,1,0,0,0,1,0
2023,17,ATL,SF,0.5,away,0.5,36.5,24,25,home,2023-09-17,sample_data,0,1,0,1,0,1,0
2023,17,LV,PIT,4.5,away,4.5,57.5,19,13,away,2023-09-17,sample_data,1,1,0,1,0,1,0
2023,17,MIA,NE,3.0,home,-3.0,44.5,26,14,away,2023-09-17,sample_data,1,1,1,1,0,1,0
2023,17,NO,LAC,7.0,home,-7.0,48.0,20,25,home,2023-09-17,sample_data,0,1,0,0,0,1,0
